Age,Physical_Health,Mental_Health,Dental_Health,Employment,Stress_Keeps_Patient_from_Sleeping,Medication_Keeps_Patient_from_Sleeping,Pain_Keeps_Patient_from_Sleeping,Bathroom_Needs_Keeps_Patient_from_Sleeping,Uknown_Keeps_Patient_from_Sleeping,Trouble_Sleeping,Prescription_Sleep_Medication,Race,Gender,Sleep_Disturbance_Score,Health_Deficit_Score,High_Pain_Flag,Health_Risk_Level
0.0,2.533834057837798,3.4738237987227745,-0.0013240353563683273,0.33229065200686064,1.6677700541868428,4.104113789845501,1.869776187709637,0.9843604610311101,-0.8545776912036905,-2.1813222722915055,-3.76311499728066,-0.40948027553866423,-1.1371775106653543,3.163743449128874,2.235457016461343,1.869776187709637,2
0.0,2.533834057837798,1.1470749552380775,0.7547001531299076,0.33229065200686064,-0.599603043290984,-0.24365796154926908,-0.5348233690070359,0.9843604610311101,-0.8545776912036905,0.9170235423315033,0.31806005200187926,-0.40948027553866423,-1.1371775106653543,-0.5919686287351322,1.8055324774248236,-0.5348233690070359,1
0.0,0.2463727977186159,-1.1796738882466193,-0.0013240353563683273,0.33229065200686064,-0.599603043290984,-0.24365796154926908,-0.5348233690070359,-1.0158880202812166,1.1701686228100328,0.9170235423315033,0.31806005200187926,-0.40948027553866423,0.8793701868188611,-0.5919686287351322,-0.34409021775777515,-0.5348233690070359,0
0.0,2.533834057837798,-1.1796738882466193,-1.51337241232892,2.0416416636817942,-0.599603043290984,-0.24365796154926908,-0.5348233690070359,-1.0158880202812166,1.1701686228100328,-2.1813222722915055,-3.76311499728066,-0.40948027553866423,-1.1371775106653543,-0.5919686287351322,-0.34409021775777515,-0.5348233690070359,2
0.0,-0.897357832340975,-0.016299466504270888,0.7547001531299076,-1.3770603596680728,-0.599603043290984,-0.24365796154926908,-0.5348233690070359,-1.0158880202812166,-0.8545776912036905,0.9170235423315033,0.31806005200187926,-0.40948027553866423,0.8793701868188611,-1.8438726546898008,0.08583432127874459,-0.5348233690070359,2
0.0,1.3901034277782067,-0.016299466504270888,-0.7573482238426442,0.33229065200686064,-0.599603043290984,-0.24365796154926908,-0.5348233690070359,-1.0158880202812166,1.1701686228100328,0.9170235423315033,0.31806005200187926,-0.40948027553866423,0.8793701868188611,-0.5919686287351322,0.08583432127874459,-0.5348233690070359,1
0.0,0.2463727977186159,-0.016299466504270888,1.5107243416161835,-3.086411371343006,1.6677700541868428,-0.24365796154926908,-0.5348233690070359,0.9843604610311101,-0.8545776912036905,-0.6321493649800012,0.31806005200187926,0.6160163794287802,0.8793701868188611,0.6599353972195364,0.9456833993517841,-0.5348233690070359,1
0.0,0.2463727977186159,-1.1796738882466193,0.7547001531299076,0.33229065200686064,1.6677700541868428,-0.24365796154926908,-0.5348233690070359,0.9843604610311101,-0.8545776912036905,-0.6321493649800012,0.31806005200187926,-0.40948027553866423,0.8793701868188611,0.6599353972195364,0.08583432127874459,-0.5348233690070359,2
0.0,0.2463727977186159,-1.1796738882466193,-0.7573482238426442,0.33229065200686064,-0.599603043290984,-0.24365796154926908,-0.5348233690070359,-1.0158880202812166,1.1701686228100328,-0.6321493649800012,0.31806005200187926,-0.40948027553866423,0.8793701868188611,-0.5919686287351322,-0.7740147567942949,-0.5348233690070359,2
0.0,1.3901034277782067,-1.1796738882466193,-0.0013240353563683273,0.33229065200686064,-0.599603043290984,-0.24365796154926908,-0.5348233690070359,-1.0158880202812166,1.1701686228100328,-2.1813222722915055,0.31806005200187926,-0.40948027553866423,0.8793701868188611,-0.5919686287351322,0.08583432127874459,-0.5348233690070359,1
0.0,0.2463727977186159,-0.016299466504270888,-0.7573482238426442,0.33229065200686064,-0.599603043290984,4.104113789845501,1.869776187709637,0.9843604610311101,-0.8545776912036905,0.9170235423315033,0.31806005200187926,0.6160163794287802,0.8793701868188611,1.911839423174205,-0.34409021775777515,1.869776187709637,2
0.0,-0.897357832340975,-1.1796738882466193,-0.0013240353563683273,-1.3770603596680728,1.6677700541868428,-0.24365796154926908,-0.5348233690070359,0.9843604610311101,-0.8545776912036905,0.9170235423315033,0.31806005200187926,-0.40948027553866423,0.8793701868188611,0.6599353972195364,-0.7740147567942949,-0.5348233690070359,1
0.0,1.3901034277782067,1.1470749552380775,0.7547001531299076,0.33229065200686064,-0.599603043290984,-0.24365796154926908,-0.5348233690070359,0.9843604610311101,1.1701686228100328,-2.1813222722915055,-3.76311499728066,-0.40948027553866423,-1.1371775106653543,0.6599353972195364,1.375607938388304,-0.5348233690070359,1
0.0,0.2463727977186159,1.1470749552380775,-0.7573482238426442,0.33229065200686064,1.6677700541868428,-0.24365796154926908,-0.5348233690070359,-1.0158880202812166,1.1701686228100328,-0.6321493649800012,0.31806005200187926,-0.40948027553866423,0.8793701868188611,0.6599353972195364,0.08583432127874459,-0.5348233690070359,2
0.0,1.3901034277782067,-1.1796738882466193,2.2667485301024595,0.33229065200686064,-0.599603043290984,-0.24365796154926908,-0.5348233690070359,-1.0158880202812166,1.1701686228100328,0.9170235423315033,0.31806005200187926,3.692506344331113,-1.1371775106653543,-0.5919686287351322,1.375607938388304,-0.5348233690070359,1
0.0,1.3901034277782067,2.3104493769804257,0.7547001531299076,0.33229065200686064,-0.599603043290984,-0.24365796154926908,-0.5348233690070359,-1.0158880202812166,-0.8545776912036905,0.9170235423315033,0.31806005200187926,-0.40948027553866423,0.8793701868188611,-1.8438726546898008,1.8055324774248236,-0.5348233690070359,0
0.0,0.2463727977186159,1.1470749552380775,-0.7573482238426442,0.33229065200686064,-0.599603043290984,-0.24365796154926908,-0.5348233690070359,0.9843604610311101,-0.8545776912036905,0.9170235423315033,0.31806005200187926,-0.40948027553866423,0.8793701868188611,-0.5919686287351322,0.08583432127874459,-0.5348233690070359,1
0.0,-0.897357832340975,-1.1796738882466193,-0.0013240353563683273,0.33229065200686064,-0.599603043290984,-0.24365796154926908,-0.5348233690070359,0.9843604610311101,1.1701686228100328,-0.6321493649800012,0.31806005200187926,2.6670096893636686,0.8793701868188611,0.6599353972195364,-0.7740147567942949,-0.5348233690070359,0
0.0,-0.897357832340975,-1.1796738882466193,-0.7573482238426442,0.33229065200686064,1.6677700541868428,-0.24365796154926908,-0.5348233690070359,0.9843604610311101,-0.8545776912036905,-0.6321493649800012,0.31806005200187926,-0.40948027553866423,0.8793701868188611,0.6599353972195364,-1.2039392958308146,-0.5348233690070359,0
0.0,0.2463727977186159,-0.016299466504270888,-0.0013240353563683273,-3.086411371343006,-0.599603043290984,-0.24365796154926908,-0.5348233690070359,-1.0158880202812166,1.1701686228100328,-0.6321493649800012,0.31806005200187926,-0.40948027553866423,0.8793701868188611,-0.5919686287351322,0.08583432127874459,-0.5348233690070359,1
0.0,-0.897357832340975,-0.016299466504270888,-0.0013240353563683273,-1.3770603596680728,-0.599603043290984,-0.24365796154926908,-0.5348233690070359,0.9843604610311101,1.1701686228100328,-0.6321493649800012,0.31806005200187926,-0.40948027553866423,0.8793701868188611,0.6599353972195364,-0.34409021775777515,-0.5348233690070359,1
0.0,0.2463727977186159,1.1470749552380775,-0.0013240353563683273,2.0416416636817942,-0.599603043290984,-0.24365796154926908,-0.5348233690070359,-1.0158880202812166,1.1701686228100328,-2.1813222722915055,0.31806005200187926,-0.40948027553866423,0.8793701868188611,-0.5919686287351322,0.5157588603152643,-0.5348233690070359,2
0.0,-0.897357832340975,1.1470749552380775,-0.7573482238426442,0.33229065200686064,-0.599603043290984,-0.24365796154926908,-0.5348233690070359,0.9843604610311101,-0.8545776912036905,0.9170235423315033,0.31806005200187926,-0.40948027553866423,-1.1371775106653543,-0.5919686287351322,-0.34409021775777515,-0.5348233690070359,0
0.0,0.2463727977186159,-1.1796738882466193,-0.7573482238426442,0.33229065200686064,-0.599603043290984,-0.24365796154926908,-0.5348233690070359,0.9843604610311101,-0.8545776912036905,0.9170235423315033,0.31806005200187926,0.6160163794287802,0.8793701868188611,-0.5919686287351322,-0.7740147567942949,-0.5348233690070359,1
0.0,0.2463727977186159,-0.016299466504270888,-0.7573482238426442,0.33229065200686064,-0.599603043290984,-0.24365796154926908,1.869776187709637,0.9843604610311101,-0.8545776912036905,-2.1813222722915055,0.31806005200187926,-0.40948027553866423,0.8793701868188611,0.6599353972195364,-0.34409021775777515,1.869776187709637,1
0.0,-0.897357832340975,-0.016299466504270888,-0.7573482238426442,0.33229065200686064,-0.599603043290984,-0.24365796154926908,-0.5348233690070359,-1.0158880202812166,1.1701686228100328,0.9170235423315033,0.31806005200187926,-0.40948027553866423,0.8793701868188611,-0.5919686287351322,-0.7740147567942949,-0.5348233690070359,1
0.0,0.2463727977186159,-0.016299466504270888,-0.0013240353563683273,0.33229065200686064,-0.599603043290984,-0.24365796154926908,1.869776187709637,-1.0158880202812166,-0.8545776912036905,-0.6321493649800012,0.31806005200187926,-0.40948027553866423,0.8793701868188611,-0.5919686287351322,0.08583432127874459,1.869776187709637,1
0.0,0.2463727977186159,-1.1796738882466193,-0.7573482238426442,0.33229065200686064,-0.599603043290984,-0.24365796154926908,-0.5348233690070359,-1.0158880202812166,-0.8545776912036905,0.9170235423315033,-1.7225274726393904,-0.40948027553866423,-1.1371775106653543,-1.8438726546898008,-0.7740147567942949,-0.5348233690070359,0
0.0,0.2463727977186159,-0.016299466504270888,1.5107243416161835,0.33229065200686064,-0.599603043290984,-0.24365796154926908,-0.5348233690070359,0.9843604610311101,1.1701686228100328,-0.6321493649800012,0.31806005200187926,0.6160163794287802,0.8793701868188611,0.6599353972195364,0.9456833993517841,-0.5348233690070359,1
0.0,-0.897357832340975,-1.1796738882466193,-1.51337241232892,0.33229065200686064,-0.599603043290984,-0.24365796154926908,1.869776187709637,0.9843604610311101,-0.8545776912036905,0.9170235423315033,0.31806005200187926,-0.40948027553866423,-1.1371775106653543,0.6599353972195364,-1.6338638348673344,1.869776187709637,1
0.0,1.3901034277782067,1.1470749552380775,2.2667485301024595,0.33229065200686064,1.6677700541868428,-0.24365796154926908,-0.5348233690070359,0.9843604610311101,-0.8545776912036905,-0.6321493649800012,0.31806005200187926,-0.40948027553866423,0.8793701868188611,0.6599353972195364,2.235457016461343,-0.5348233690070359,2
0.0,0.2463727977186159,1.1470749552380775,-0.0013240353563683273,0.33229065200686064,1.6677700541868428,-0.24365796154926908,-0.5348233690070359,-1.0158880202812166,-0.8545776912036905,0.9170235423315033,0.31806005200187926,2.6670096893636686,0.8793701868188611,-0.5919686287351322,0.5157588603152643,-0.5348233690070359,1
0.0,1.3901034277782067,-0.016299466504270888,-0.7573482238426442,0.33229065200686064,-0.599603043290984,-0.24365796154926908,1.869776187709637,0.9843604610311101,1.1701686228100328,-2.1813222722915055,0.31806005200187926,-0.40948027553866423,0.8793701868188611,1.911839423174205,0.08583432127874459,1.869776187709637,0
0.0,1.3901034277782067,1.1470749552380775,1.5107243416161835,0.33229065200686064,1.6677700541868428,-0.24365796154926908,-0.5348233690070359,-1.0158880202812166,-0.8545776912036905,-0.6321493649800012,-1.7225274726393904,-0.40948027553866423,-1.1371775106653543,-0.5919686287351322,1.8055324774248236,-0.5348233690070359,1
0.0,1.3901034277782067,-0.016299466504270888,-0.0013240353563683273,0.33229065200686064,-0.599603043290984,-0.24365796154926908,-0.5348233690070359,-1.0158880202812166,1.1701686228100328,-0.6321493649800012,0.31806005200187926,-0.40948027553866423,-1.1371775106653543,-0.5919686287351322,0.5157588603152643,-0.5348233690070359,1
0.0,0.2463727977186159,1.1470749552380775,-0.0013240353563683273,0.33229065200686064,-0.599603043290984,-0.24365796154926908,-0.5348233690070359,-1.0158880202812166,1.1701686228100328,-0.6321493649800012,0.31806005200187926,-0.40948027553866423,0.8793701868188611,-0.5919686287351322,0.5157588603152643,-0.5348233690070359,1
0.0,-0.897357832340975,2.3104493769804257,-0.7573482238426442,0.33229065200686064,-0.599603043290984,4.104113789845501,-0.5348233690070359,0.9843604610311101,-0.8545776912036905,-0.6321493649800012,0.31806005200187926,-0.40948027553866423,-1.1371775106653543,0.6599353972195364,0.08583432127874459,-0.5348233690070359,1
0.0,0.2463727977186159,-1.1796738882466193,-0.7573482238426442,0.33229065200686064,-0.599603043290984,-0.24365796154926908,-0.5348233690070359,-1.0158880202812166,1.1701686228100328,-0.6321493649800012,-3.76311499728066,-0.40948027553866423,0.8793701868188611,-0.5919686287351322,-0.7740147567942949,-0.5348233690070359,2
0.0,0.2463727977186159,-0.016299466504270888,0.7547001531299076,0.33229065200686064,-0.599603043290984,4.104113789845501,-0.5348233690070359,-1.0158880202812166,1.1701686228100328,0.9170235423315033,0.31806005200187926,0.6160163794287802,0.8793701868188611,0.6599353972195364,0.5157588603152643,-0.5348233690070359,2
0.0,-0.897357832340975,-0.016299466504270888,-0.0013240353563683273,0.33229065200686064,-0.599603043290984,-0.24365796154926908,-0.5348233690070359,0.9843604610311101,-0.8545776912036905,0.9170235423315033,0.31806005200187926,-0.40948027553866423,-1.1371775106653543,-0.5919686287351322,-0.34409021775777515,-0.5348233690070359,0
0.0,-0.897357832340975,-1.1796738882466193,-0.7573482238426442,0.33229065200686064,-0.599603043290984,-0.24365796154926908,1.869776187709637,0.9843604610311101,-0.8545776912036905,0.9170235423315033,-1.7225274726393904,-0.40948027553866423,0.8793701868188611,0.6599353972195364,-1.2039392958308146,1.869776187709637,2
0.0,1.3901034277782067,-0.016299466504270888,2.2667485301024595,0.33229065200686064,-0.599603043290984,-0.24365796154926908,1.869776187709637,0.9843604610311101,-0.8545776912036905,-0.6321493649800012,-1.7225274726393904,-0.40948027553866423,0.8793701868188611,0.6599353972195364,1.8055324774248236,1.869776187709637,2
0.0,-0.897357832340975,1.1470749552380775,-0.0013240353563683273,0.33229065200686064,1.6677700541868428,-0.24365796154926908,1.869776187709637,0.9843604610311101,-0.8545776912036905,-0.6321493649800012,0.31806005200187926,-0.40948027553866423,-1.1371775106653543,1.911839423174205,0.08583432127874459,1.869776187709637,2
0.0,1.3901034277782067,1.1470749552380775,0.7547001531299076,0.33229065200686064,-0.599603043290984,-0.24365796154926908,-0.5348233690070359,0.9843604610311101,1.1701686228100328,0.9170235423315033,0.31806005200187926,-0.40948027553866423,0.8793701868188611,0.6599353972195364,1.375607938388304,-0.5348233690070359,1
0.0,0.2463727977186159,-0.016299466504270888,-0.0013240353563683273,0.33229065200686064,1.6677700541868428,-0.24365796154926908,-0.5348233690070359,0.9843604610311101,1.1701686228100328,-0.6321493649800012,0.31806005200187926,-0.40948027553866423,0.8793701868188611,1.911839423174205,0.08583432127874459,-0.5348233690070359,2
0.0,-0.897357832340975,-1.1796738882466193,-0.7573482238426442,0.33229065200686064,-0.599603043290984,-0.24365796154926908,-0.5348233690070359,-1.0158880202812166,-0.8545776912036905,0.9170235423315033,0.31806005200187926,-0.40948027553866423,0.8793701868188611,-1.8438726546898008,-1.2039392958308146,-0.5348233690070359,1
0.0,0.2463727977186159,-0.016299466504270888,-0.0013240353563683273,0.33229065200686064,-0.599603043290984,-0.24365796154926908,-0.5348233690070359,0.9843604610311101,-0.8545776912036905,0.9170235423315033,0.31806005200187926,-0.40948027553866423,-1.1371775106653543,-0.5919686287351322,0.08583432127874459,-0.5348233690070359,2
0.0,-0.897357832340975,-1.1796738882466193,-1.51337241232892,0.33229065200686064,-0.599603043290984,-0.24365796154926908,-0.5348233690070359,-1.0158880202812166,1.1701686228100328,0.9170235423315033,0.31806005200187926,-0.40948027553866423,0.8793701868188611,-0.5919686287351322,-1.6338638348673344,-0.5348233690070359,0
0.0,-2.041088462400566,-0.016299466504270888,0.7547001531299076,-3.086411371343006,-0.599603043290984,-0.24365796154926908,-0.5348233690070359,0.9843604610311101,-0.8545776912036905,-0.6321493649800012,0.31806005200187926,-0.40948027553866423,-1.1371775106653543,-0.5919686287351322,-0.34409021775777515,-0.5348233690070359,1
0.0,0.2463727977186159,1.1470749552380775,2.2667485301024595,2.0416416636817942,1.6677700541868428,-0.24365796154926908,-0.5348233690070359,-1.0158880202812166,-0.8545776912036905,-2.1813222722915055,0.31806005200187926,1.6415130343962245,0.8793701868188611,-0.5919686287351322,1.8055324774248236,-0.5348233690070359,0
0.0,-0.897357832340975,-0.016299466504270888,-1.51337241232892,0.33229065200686064,1.6677700541868428,-0.24365796154926908,-0.5348233690070359,-1.0158880202812166,-0.8545776912036905,-0.6321493649800012,0.31806005200187926,-0.40948027553866423,0.8793701868188611,-0.5919686287351322,-1.2039392958308146,-0.5348233690070359,1
0.0,0.2463727977186159,1.1470749552380775,0.7547001531299076,0.33229065200686064,-0.599603043290984,-0.24365796154926908,-0.5348233690070359,0.9843604610311101,-0.8545776912036905,-0.6321493649800012,0.31806005200187926,-0.40948027553866423,-1.1371775106653543,-0.5919686287351322,0.9456833993517841,-0.5348233690070359,1
0.0,-0.897357832340975,-1.1796738882466193,0.7547001531299076,-1.3770603596680728,-0.599603043290984,-0.24365796154926908,-0.5348233690070359,-1.0158880202812166,1.1701686228100328,-0.6321493649800012,0.31806005200187926,-0.40948027553866423,0.8793701868188611,-0.5919686287351322,-0.34409021775777515,-0.5348233690070359,1
0.0,-0.897357832340975,-1.1796738882466193,-1.51337241232892,0.33229065200686064,1.6677700541868428,-0.24365796154926908,1.869776187709637,-1.0158880202812166,-0.8545776912036905,-0.6321493649800012,0.31806005200187926,-0.40948027553866423,0.8793701868188611,0.6599353972195364,-1.6338638348673344,1.869776187709637,1
0.0,0.2463727977186159,-1.1796738882466193,0.7547001531299076,0.33229065200686064,-0.599603043290984,-0.24365796154926908,-0.5348233690070359,-1.0158880202812166,1.1701686228100328,-0.6321493649800012,0.31806005200187926,-0.40948027553866423,-1.1371775106653543,-0.5919686287351322,0.08583432127874459,-0.5348233690070359,1
0.0,0.2463727977186159,1.1470749552380775,0.7547001531299076,0.33229065200686064,-0.599603043290984,4.104113789845501,-0.5348233690070359,0.9843604610311101,-0.8545776912036905,-2.1813222722915055,0.31806005200187926,-0.40948027553866423,0.8793701868188611,0.6599353972195364,0.9456833993517841,-0.5348233690070359,1
0.0,0.2463727977186159,2.3104493769804257,1.5107243416161835,0.33229065200686064,1.6677700541868428,4.104113789845501,1.869776187709637,0.9843604610311101,-0.8545776912036905,-0.6321493649800012,0.31806005200187926,-0.40948027553866423,0.8793701868188611,3.163743449128874,1.8055324774248236,1.869776187709637,1
0.0,-0.897357832340975,-0.016299466504270888,-0.7573482238426442,0.33229065200686064,-0.599603043290984,-0.24365796154926908,-0.5348233690070359,0.9843604610311101,-0.8545776912036905,0.9170235423315033,0.31806005200187926,-0.40948027553866423,-1.1371775106653543,-0.5919686287351322,-0.7740147567942949,-0.5348233690070359,1
0.0,1.3901034277782067,1.1470749552380775,-0.0013240353563683273,0.33229065200686064,-0.599603043290984,-0.24365796154926908,-0.5348233690070359,-1.0158880202812166,1.1701686228100328,-0.6321493649800012,0.31806005200187926,0.6160163794287802,0.8793701868188611,-0.5919686287351322,0.9456833993517841,-0.5348233690070359,1
0.0,-0.897357832340975,-0.016299466504270888,-0.7573482238426442,0.33229065200686064,-0.599603043290984,-0.24365796154926908,-0.5348233690070359,0.9843604610311101,1.1701686228100328,0.9170235423315033,0.31806005200187926,-0.40948027553866423,0.8793701868188611,0.6599353972195364,-0.7740147567942949,-0.5348233690070359,2
0.0,-0.897357832340975,-0.016299466504270888,0.7547001531299076,0.33229065200686064,-0.599603043290984,-0.24365796154926908,-0.5348233690070359,-1.0158880202812166,1.1701686228100328,-0.6321493649800012,0.31806005200187926,-0.40948027553866423,0.8793701868188611,-0.5919686287351322,0.08583432127874459,-0.5348233690070359,1
0.0,2.533834057837798,1.1470749552380775,0.7547001531299076,0.33229065200686064,1.6677700541868428,-0.24365796154926908,1.869776187709637,-1.0158880202812166,-0.8545776912036905,-2.1813222722915055,0.31806005200187926,-0.40948027553866423,-1.1371775106653543,0.6599353972195364,1.8055324774248236,1.869776187709637,2
0.0,1.3901034277782067,1.1470749552380775,-0.0013240353563683273,0.33229065200686064,-0.599603043290984,-0.24365796154926908,-0.5348233690070359,0.9843604610311101,-0.8545776912036905,-0.6321493649800012,0.31806005200187926,-0.40948027553866423,-1.1371775106653543,-0.5919686287351322,0.9456833993517841,-0.5348233690070359,1
0.0,-0.897357832340975,-1.1796738882466193,-1.51337241232892,0.33229065200686064,-0.599603043290984,-0.24365796154926908,-0.5348233690070359,0.9843604610311101,1.1701686228100328,-0.6321493649800012,0.31806005200187926,-0.40948027553866423,0.8793701868188611,0.6599353972195364,-1.6338638348673344,-0.5348233690070359,1
0.0,0.2463727977186159,1.1470749552380775,-1.51337241232892,0.33229065200686064,1.6677700541868428,-0.24365796154926908,-0.5348233690070359,0.9843604610311101,-0.8545776912036905,0.9170235423315033,0.31806005200187926,-0.40948027553866423,0.8793701868188611,0.6599353972195364,-0.34409021775777515,-0.5348233690070359,2
0.0,-0.897357832340975,-0.016299466504270888,-1.51337241232892,-1.3770603596680728,-0.599603043290984,-0.24365796154926908,-0.5348233690070359,-1.0158880202812166,-0.8545776912036905,0.9170235423315033,0.31806005200187926,-0.40948027553866423,0.8793701868188611,-1.8438726546898008,-1.2039392958308146,-0.5348233690070359,2
0.0,1.3901034277782067,-0.016299466504270888,0.7547001531299076,0.33229065200686064,-0.599603043290984,-0.24365796154926908,-0.5348233690070359,0.9843604610311101,-0.8545776912036905,0.9170235423315033,0.31806005200187926,-0.40948027553866423,-1.1371775106653543,-0.5919686287351322,0.9456833993517841,-0.5348233690070359,1
0.0,0.2463727977186159,-0.016299466504270888,-0.0013240353563683273,0.33229065200686064,1.6677700541868428,-0.24365796154926908,-0.5348233690070359,0.9843604610311101,-0.8545776912036905,-0.6321493649800012,0.31806005200187926,-0.40948027553866423,0.8793701868188611,0.6599353972195364,0.08583432127874459,-0.5348233690070359,1
0.0,-0.897357832340975,-1.1796738882466193,-0.7573482238426442,0.33229065200686064,-0.599603043290984,4.104113789845501,-0.5348233690070359,0.9843604610311101,1.1701686228100328,0.9170235423315033,0.31806005200187926,-0.40948027553866423,-1.1371775106653543,1.911839423174205,-1.2039392958308146,-0.5348233690070359,1
0.0,-0.897357832340975,-1.1796738882466193,-0.0013240353563683273,0.33229065200686064,-0.599603043290984,-0.24365796154926908,-0.5348233690070359,-1.0158880202812166,1.1701686228100328,-2.1813222722915055,0.31806005200187926,3.692506344331113,0.8793701868188611,-0.5919686287351322,-0.7740147567942949,-0.5348233690070359,1
0.0,1.3901034277782067,2.3104493769804257,1.5107243416161835,0.33229065200686064,1.6677700541868428,-0.24365796154926908,1.869776187709637,0.9843604610311101,-0.8545776912036905,-0.6321493649800012,0.31806005200187926,-0.40948027553866423,0.8793701868188611,1.911839423174205,2.235457016461343,1.869776187709637,2
0.0,0.2463727977186159,-1.1796738882466193,-0.7573482238426442,-3.086411371343006,-0.599603043290984,-0.24365796154926908,-0.5348233690070359,-1.0158880202812166,1.1701686228100328,0.9170235423315033,0.31806005200187926,-0.40948027553866423,-1.1371775106653543,-0.5919686287351322,-0.7740147567942949,-0.5348233690070359,1
0.0,0.2463727977186159,-0.016299466504270888,-0.0013240353563683273,0.33229065200686064,-0.599603043290984,-0.24365796154926908,-0.5348233690070359,0.9843604610311101,-0.8545776912036905,0.9170235423315033,0.31806005200187926,0.6160163794287802,-1.1371775106653543,-0.5919686287351322,0.08583432127874459,-0.5348233690070359,1
0.0,-0.897357832340975,-0.016299466504270888,2.2667485301024595,0.33229065200686064,-0.599603043290984,-0.24365796154926908,-0.5348233690070359,0.9843604610311101,-0.8545776912036905,0.9170235423315033,0.31806005200187926,-0.40948027553866423,0.8793701868188611,-0.5919686287351322,0.9456833993517841,-0.5348233690070359,0
0.0,-0.897357832340975,1.1470749552380775,-0.0013240353563683273,0.33229065200686064,1.6677700541868428,-0.24365796154926908,-0.5348233690070359,-1.0158880202812166,-0.8545776912036905,-0.6321493649800012,0.31806005200187926,-0.40948027553866423,0.8793701868188611,-0.5919686287351322,0.08583432127874459,-0.5348233690070359,0
0.0,0.2463727977186159,1.1470749552380775,-0.0013240353563683273,0.33229065200686064,1.6677700541868428,-0.24365796154926908,-0.5348233690070359,0.9843604610311101,-0.8545776912036905,0.9170235423315033,0.31806005200187926,-0.40948027553866423,0.8793701868188611,0.6599353972195364,0.5157588603152643,-0.5348233690070359,1
0.0,0.2463727977186159,-0.016299466504270888,-0.0013240353563683273,0.33229065200686064,-0.599603043290984,-0.24365796154926908,-0.5348233690070359,0.9843604610311101,-0.8545776912036905,0.9170235423315033,0.31806005200187926,2.6670096893636686,-1.1371775106653543,-0.5919686287351322,0.08583432127874459,-0.5348233690070359,0
0.0,-0.897357832340975,-1.1796738882466193,-0.7573482238426442,0.33229065200686064,1.6677700541868428,-0.24365796154926908,-0.5348233690070359,0.9843604610311101,-0.8545776912036905,0.9170235423315033,0.31806005200187926,-0.40948027553866423,0.8793701868188611,0.6599353972195364,-1.2039392958308146,-0.5348233690070359,1
0.0,-2.041088462400566,-1.1796738882466193,-0.7573482238426442,0.33229065200686064,-0.599603043290984,-0.24365796154926908,-0.5348233690070359,0.9843604610311101,-0.8545776912036905,-0.6321493649800012,-1.7225274726393904,-0.40948027553866423,-1.1371775106653543,-0.5919686287351322,-1.6338638348673344,-0.5348233690070359,0
0.0,0.2463727977186159,1.1470749552380775,-1.51337241232892,0.33229065200686064,-0.599603043290984,-0.24365796154926908,1.869776187709637,0.9843604610311101,1.1701686228100328,0.9170235423315033,0.31806005200187926,-0.40948027553866423,0.8793701868188611,1.911839423174205,-0.34409021775777515,1.869776187709637,1
0.0,-0.897357832340975,-1.1796738882466193,-0.7573482238426442,0.33229065200686064,-0.599603043290984,-0.24365796154926908,-0.5348233690070359,-1.0158880202812166,1.1701686228100328,0.9170235423315033,0.31806005200187926,-0.40948027553866423,-1.1371775106653543,-0.5919686287351322,-1.2039392958308146,-0.5348233690070359,1
0.0,0.2463727977186159,1.1470749552380775,-0.0013240353563683273,0.33229065200686064,-0.599603043290984,-0.24365796154926908,-0.5348233690070359,0.9843604610311101,-0.8545776912036905,0.9170235423315033,0.31806005200187926,-0.40948027553866423,0.8793701868188611,-0.5919686287351322,0.5157588603152643,-0.5348233690070359,2
0.0,0.2463727977186159,2.3104493769804257,0.7547001531299076,-3.086411371343006,-0.599603043290984,-0.24365796154926908,-0.5348233690070359,0.9843604610311101,-0.8545776912036905,-0.6321493649800012,0.31806005200187926,-0.40948027553866423,-1.1371775106653543,-0.5919686287351322,1.375607938388304,-0.5348233690070359,0
0.0,0.2463727977186159,-0.016299466504270888,1.5107243416161835,-1.3770603596680728,-0.599603043290984,-0.24365796154926908,-0.5348233690070359,0.9843604610311101,-0.8545776912036905,0.9170235423315033,0.31806005200187926,-0.40948027553866423,-1.1371775106653543,-0.5919686287351322,0.9456833993517841,-0.5348233690070359,1
0.0,0.2463727977186159,-1.1796738882466193,-0.7573482238426442,0.33229065200686064,-0.599603043290984,-0.24365796154926908,-0.5348233690070359,0.9843604610311101,-0.8545776912036905,0.9170235423315033,0.31806005200187926,-0.40948027553866423,-1.1371775106653543,-0.5919686287351322,-0.7740147567942949,-0.5348233690070359,1
0.0,-0.897357832340975,1.1470749552380775,-0.0013240353563683273,-1.3770603596680728,-0.599603043290984,-0.24365796154926908,-0.5348233690070359,0.9843604610311101,-0.8545776912036905,0.9170235423315033,0.31806005200187926,-0.40948027553866423,0.8793701868188611,-0.5919686287351322,0.08583432127874459,-0.5348233690070359,2
0.0,0.2463727977186159,-1.1796738882466193,-0.0013240353563683273,0.33229065200686064,-0.599603043290984,-0.24365796154926908,-0.5348233690070359,-1.0158880202812166,1.1701686228100328,-2.1813222722915055,-3.76311499728066,-0.40948027553866423,-1.1371775106653543,-0.5919686287351322,-0.34409021775777515,-0.5348233690070359,1
0.0,-0.897357832340975,-1.1796738882466193,-1.51337241232892,0.33229065200686064,-0.599603043290984,-0.24365796154926908,-0.5348233690070359,-1.0158880202812166,1.1701686228100328,0.9170235423315033,0.31806005200187926,-0.40948027553866423,-1.1371775106653543,-0.5919686287351322,-1.6338638348673344,-0.5348233690070359,0
0.0,-0.897357832340975,-1.1796738882466193,-1.51337241232892,0.33229065200686064,-0.599603043290984,-0.24365796154926908,-0.5348233690070359,-1.0158880202812166,1.1701686228100328,-0.6321493649800012,0.31806005200187926,-0.40948027553866423,0.8793701868188611,-0.5919686287351322,-1.6338638348673344,-0.5348233690070359,1
0.0,-0.897357832340975,-0.016299466504270888,-0.7573482238426442,0.33229065200686064,-0.599603043290984,-0.24365796154926908,-0.5348233690070359,-1.0158880202812166,1.1701686228100328,-2.1813222722915055,-3.76311499728066,-0.40948027553866423,0.8793701868188611,-0.5919686287351322,-0.7740147567942949,-0.5348233690070359,1
0.0,0.2463727977186159,-0.016299466504270888,-0.0013240353563683273,0.33229065200686064,1.6677700541868428,-0.24365796154926908,-0.5348233690070359,-1.0158880202812166,-0.8545776912036905,-0.6321493649800012,0.31806005200187926,1.6415130343962245,0.8793701868188611,-0.5919686287351322,0.08583432127874459,-0.5348233690070359,2
0.0,0.2463727977186159,-1.1796738882466193,-0.7573482238426442,0.33229065200686064,-0.599603043290984,-0.24365796154926908,-0.5348233690070359,-1.0158880202812166,-0.8545776912036905,0.9170235423315033,0.31806005200187926,-0.40948027553866423,-1.1371775106653543,-1.8438726546898008,-0.7740147567942949,-0.5348233690070359,2
0.0,1.3901034277782067,-0.016299466504270888,0.7547001531299076,0.33229065200686064,1.6677700541868428,-0.24365796154926908,-0.5348233690070359,0.9843604610311101,-0.8545776912036905,-0.6321493649800012,0.31806005200187926,0.6160163794287802,0.8793701868188611,0.6599353972195364,0.9456833993517841,-0.5348233690070359,2
0.0,-0.897357832340975,1.1470749552380775,-0.0013240353563683273,0.33229065200686064,1.6677700541868428,4.104113789845501,-0.5348233690070359,0.9843604610311101,-0.8545776912036905,-0.6321493649800012,-1.7225274726393904,-0.40948027553866423,-1.1371775106653543,1.911839423174205,0.08583432127874459,-0.5348233690070359,1
0.0,-2.041088462400566,-0.016299466504270888,-0.0013240353563683273,0.33229065200686064,-0.599603043290984,-0.24365796154926908,-0.5348233690070359,-1.0158880202812166,1.1701686228100328,0.9170235423315033,0.31806005200187926,-0.40948027553866423,0.8793701868188611,-0.5919686287351322,-0.7740147567942949,-0.5348233690070359,1
0.0,1.3901034277782067,-0.016299466504270888,2.2667485301024595,0.33229065200686064,1.6677700541868428,-0.24365796154926908,-0.5348233690070359,-1.0158880202812166,-0.8545776912036905,0.9170235423315033,0.31806005200187926,-0.40948027553866423,0.8793701868188611,-0.5919686287351322,1.8055324774248236,-0.5348233690070359,1
0.0,1.3901034277782067,1.1470749552380775,1.5107243416161835,0.33229065200686064,1.6677700541868428,-0.24365796154926908,1.869776187709637,-1.0158880202812166,-0.8545776912036905,0.9170235423315033,0.31806005200187926,2.6670096893636686,0.8793701868188611,0.6599353972195364,1.8055324774248236,1.869776187709637,1
0.0,0.2463727977186159,-0.016299466504270888,0.7547001531299076,-1.3770603596680728,-0.599603043290984,-0.24365796154926908,-0.5348233690070359,-1.0158880202812166,1.1701686228100328,-0.6321493649800012,0.31806005200187926,-0.40948027553866423,-1.1371775106653543,-0.5919686287351322,0.5157588603152643,-0.5348233690070359,0
0.0,-0.897357832340975,-0.016299466504270888,-0.7573482238426442,0.33229065200686064,1.6677700541868428,-0.24365796154926908,-0.5348233690070359,-1.0158880202812166,1.1701686228100328,-0.6321493649800012,0.31806005200187926,-0.40948027553866423,0.8793701868188611,0.6599353972195364,-0.7740147567942949,-0.5348233690070359,1
0.0,0.2463727977186159,1.1470749552380775,-0.0013240353563683273,0.33229065200686064,-0.599603043290984,-0.24365796154926908,-0.5348233690070359,-1.0158880202812166,1.1701686228100328,0.9170235423315033,-3.76311499728066,-0.40948027553866423,-1.1371775106653543,-0.5919686287351322,0.5157588603152643,-0.5348233690070359,2
0.0,0.2463727977186159,-0.016299466504270888,-0.0013240353563683273,-1.3770603596680728,-0.599603043290984,-0.24365796154926908,1.869776187709637,0.9843604610311101,1.1701686228100328,-0.6321493649800012,-1.7225274726393904,-0.40948027553866423,-1.1371775106653543,1.911839423174205,0.08583432127874459,1.869776187709637,1
0.0,-0.897357832340975,-1.1796738882466193,-1.51337241232892,0.33229065200686064,1.6677700541868428,-0.24365796154926908,-0.5348233690070359,0.9843604610311101,-0.8545776912036905,0.9170235423315033,0.31806005200187926,-0.40948027553866423,0.8793701868188611,0.6599353972195364,-1.6338638348673344,-0.5348233690070359,1
0.0,1.3901034277782067,1.1470749552380775,-0.0013240353563683273,0.33229065200686064,-0.599603043290984,-0.24365796154926908,-0.5348233690070359,-1.0158880202812166,1.1701686228100328,-0.6321493649800012,0.31806005200187926,-0.40948027553866423,-1.1371775106653543,-0.5919686287351322,0.9456833993517841,-0.5348233690070359,2
0.0,0.2463727977186159,1.1470749552380775,-0.7573482238426442,-1.3770603596680728,1.6677700541868428,-0.24365796154926908,1.869776187709637,-1.0158880202812166,-0.8545776912036905,-0.6321493649800012,0.31806005200187926,-0.40948027553866423,0.8793701868188611,0.6599353972195364,0.08583432127874459,1.869776187709637,1
0.0,0.2463727977186159,-0.016299466504270888,-0.0013240353563683273,0.33229065200686064,-0.599603043290984,-0.24365796154926908,-0.5348233690070359,-1.0158880202812166,1.1701686228100328,0.9170235423315033,0.31806005200187926,1.6415130343962245,0.8793701868188611,-0.5919686287351322,0.08583432127874459,-0.5348233690070359,1
0.0,-0.897357832340975,-1.1796738882466193,0.7547001531299076,-1.3770603596680728,-0.599603043290984,-0.24365796154926908,-0.5348233690070359,0.9843604610311101,1.1701686228100328,-0.6321493649800012,0.31806005200187926,1.6415130343962245,-1.1371775106653543,0.6599353972195364,-0.34409021775777515,-0.5348233690070359,2
0.0,-0.897357832340975,-0.016299466504270888,0.7547001531299076,0.33229065200686064,-0.599603043290984,-0.24365796154926908,-0.5348233690070359,-1.0158880202812166,1.1701686228100328,0.9170235423315033,0.31806005200187926,-0.40948027553866423,0.8793701868188611,-0.5919686287351322,0.08583432127874459,-0.5348233690070359,1
0.0,1.3901034277782067,1.1470749552380775,0.7547001531299076,2.0416416636817942,-0.599603043290984,4.104113789845501,1.869776187709637,0.9843604610311101,-0.8545776912036905,-0.6321493649800012,0.31806005200187926,2.6670096893636686,0.8793701868188611,1.911839423174205,1.375607938388304,1.869776187709637,2
0.0,-0.897357832340975,-1.1796738882466193,-0.7573482238426442,-1.3770603596680728,-0.599603043290984,-0.24365796154926908,-0.5348233690070359,-1.0158880202812166,1.1701686228100328,0.9170235423315033,0.31806005200187926,-0.40948027553866423,0.8793701868188611,-0.5919686287351322,-1.2039392958308146,-0.5348233690070359,0
0.0,0.2463727977186159,-0.016299466504270888,-1.51337241232892,0.33229065200686064,-0.599603043290984,-0.24365796154926908,-0.5348233690070359,-1.0158880202812166,1.1701686228100328,-0.6321493649800012,0.31806005200187926,2.6670096893636686,0.8793701868188611,-0.5919686287351322,-0.7740147567942949,-0.5348233690070359,2
0.0,-2.041088462400566,-0.016299466504270888,-1.51337241232892,0.33229065200686064,-0.599603043290984,-0.24365796154926908,-0.5348233690070359,-1.0158880202812166,-0.8545776912036905,-0.6321493649800012,0.31806005200187926,-0.40948027553866423,0.8793701868188611,-1.8438726546898008,-1.6338638348673344,-0.5348233690070359,0
0.0,0.2463727977186159,-0.016299466504270888,-0.0013240353563683273,0.33229065200686064,-0.599603043290984,-0.24365796154926908,-0.5348233690070359,-1.0158880202812166,1.1701686228100328,-0.6321493649800012,0.31806005200187926,-0.40948027553866423,0.8793701868188611,-0.5919686287351322,0.08583432127874459,-0.5348233690070359,1
0.0,0.2463727977186159,1.1470749552380775,0.7547001531299076,2.0416416636817942,-0.599603043290984,-0.24365796154926908,-0.5348233690070359,-1.0158880202812166,1.1701686228100328,-0.6321493649800012,0.31806005200187926,-0.40948027553866423,-1.1371775106653543,-0.5919686287351322,0.9456833993517841,-0.5348233690070359,0
0.0,0.2463727977186159,1.1470749552380775,-0.0013240353563683273,0.33229065200686064,-0.599603043290984,-0.24365796154926908,-0.5348233690070359,-1.0158880202812166,1.1701686228100328,0.9170235423315033,0.31806005200187926,-0.40948027553866423,0.8793701868188611,-0.5919686287351322,0.5157588603152643,-0.5348233690070359,0
0.0,1.3901034277782067,1.1470749552380775,-0.7573482238426442,0.33229065200686064,-0.599603043290984,-0.24365796154926908,1.869776187709637,0.9843604610311101,-0.8545776912036905,-0.6321493649800012,0.31806005200187926,-0.40948027553866423,-1.1371775106653543,0.6599353972195364,0.5157588603152643,1.869776187709637,1
0.0,-0.897357832340975,-1.1796738882466193,-0.7573482238426442,0.33229065200686064,-0.599603043290984,-0.24365796154926908,-0.5348233690070359,-1.0158880202812166,1.1701686228100328,0.9170235423315033,0.31806005200187926,-0.40948027553866423,0.8793701868188611,-0.5919686287351322,-1.2039392958308146,-0.5348233690070359,0
0.0,0.2463727977186159,-0.016299466504270888,-0.7573482238426442,0.33229065200686064,1.6677700541868428,-0.24365796154926908,-0.5348233690070359,-1.0158880202812166,-0.8545776912036905,0.9170235423315033,0.31806005200187926,-0.40948027553866423,0.8793701868188611,-0.5919686287351322,-0.34409021775777515,-0.5348233690070359,2
0.0,1.3901034277782067,-0.016299466504270888,2.2667485301024595,0.33229065200686064,-0.599603043290984,-0.24365796154926908,-0.5348233690070359,0.9843604610311101,1.1701686228100328,-0.6321493649800012,0.31806005200187926,2.6670096893636686,0.8793701868188611,0.6599353972195364,1.8055324774248236,-0.5348233690070359,2
0.0,0.2463727977186159,1.1470749552380775,0.7547001531299076,0.33229065200686064,1.6677700541868428,-0.24365796154926908,-0.5348233690070359,0.9843604610311101,-0.8545776912036905,-0.6321493649800012,0.31806005200187926,-0.40948027553866423,-1.1371775106653543,0.6599353972195364,0.9456833993517841,-0.5348233690070359,1
0.0,-0.897357832340975,-1.1796738882466193,-0.7573482238426442,0.33229065200686064,-0.599603043290984,-0.24365796154926908,-0.5348233690070359,0.9843604610311101,-0.8545776912036905,0.9170235423315033,0.31806005200187926,-0.40948027553866423,-1.1371775106653543,-0.5919686287351322,-1.2039392958308146,-0.5348233690070359,0
0.0,-0.897357832340975,-1.1796738882466193,-0.0013240353563683273,0.33229065200686064,-0.599603043290984,-0.24365796154926908,-0.5348233690070359,-1.0158880202812166,-0.8545776912036905,0.9170235423315033,0.31806005200187926,-0.40948027553866423,-1.1371775106653543,-1.8438726546898008,-0.7740147567942949,-0.5348233690070359,1
0.0,-0.897357832340975,-1.1796738882466193,-0.7573482238426442,0.33229065200686064,1.6677700541868428,-0.24365796154926908,-0.5348233690070359,-1.0158880202812166,-0.8545776912036905,-0.6321493649800012,0.31806005200187926,-0.40948027553866423,0.8793701868188611,-0.5919686287351322,-1.2039392958308146,-0.5348233690070359,0
0.0,1.3901034277782067,-0.016299466504270888,0.7547001531299076,0.33229065200686064,-0.599603043290984,-0.24365796154926908,1.869776187709637,0.9843604610311101,-0.8545776912036905,-2.1813222722915055,0.31806005200187926,3.692506344331113,0.8793701868188611,0.6599353972195364,0.9456833993517841,1.869776187709637,2
0.0,0.2463727977186159,-1.1796738882466193,-0.0013240353563683273,0.33229065200686064,-0.599603043290984,-0.24365796154926908,-0.5348233690070359,0.9843604610311101,1.1701686228100328,0.9170235423315033,0.31806005200187926,0.6160163794287802,0.8793701868188611,0.6599353972195364,-0.34409021775777515,-0.5348233690070359,2
0.0,-2.041088462400566,-0.016299466504270888,-0.0013240353563683273,-1.3770603596680728,1.6677700541868428,-0.24365796154926908,-0.5348233690070359,-1.0158880202812166,-0.8545776912036905,0.9170235423315033,0.31806005200187926,2.6670096893636686,0.8793701868188611,-0.5919686287351322,-0.7740147567942949,-0.5348233690070359,0
0.0,-0.897357832340975,-1.1796738882466193,-0.0013240353563683273,0.33229065200686064,-0.599603043290984,-0.24365796154926908,-0.5348233690070359,-1.0158880202812166,1.1701686228100328,0.9170235423315033,0.31806005200187926,-0.40948027553866423,-1.1371775106653543,-0.5919686287351322,-0.7740147567942949,-0.5348233690070359,0
0.0,1.3901034277782067,-0.016299466504270888,-0.0013240353563683273,-3.086411371343006,-0.599603043290984,-0.24365796154926908,1.869776187709637,-1.0158880202812166,-0.8545776912036905,-0.6321493649800012,0.31806005200187926,-0.40948027553866423,-1.1371775106653543,-0.5919686287351322,0.5157588603152643,1.869776187709637,1
0.0,-2.041088462400566,-1.1796738882466193,-0.7573482238426442,0.33229065200686064,1.6677700541868428,-0.24365796154926908,-0.5348233690070359,-1.0158880202812166,-0.8545776912036905,-0.6321493649800012,0.31806005200187926,-0.40948027553866423,0.8793701868188611,-0.5919686287351322,-1.6338638348673344,-0.5348233690070359,0
0.0,1.3901034277782067,-0.016299466504270888,2.2667485301024595,0.33229065200686064,-0.599603043290984,-0.24365796154926908,1.869776187709637,-1.0158880202812166,-0.8545776912036905,-0.6321493649800012,-3.76311499728066,-0.40948027553866423,-1.1371775106653543,-0.5919686287351322,1.8055324774248236,1.869776187709637,2
0.0,0.2463727977186159,-1.1796738882466193,-0.0013240353563683273,0.33229065200686064,1.6677700541868428,-0.24365796154926908,-0.5348233690070359,0.9843604610311101,-0.8545776912036905,-0.6321493649800012,0.31806005200187926,-0.40948027553866423,-1.1371775106653543,0.6599353972195364,-0.34409021775777515,-0.5348233690070359,1
0.0,0.2463727977186159,-0.016299466504270888,-0.0013240353563683273,0.33229065200686064,-0.599603043290984,-0.24365796154926908,-0.5348233690070359,-1.0158880202812166,1.1701686228100328,-0.6321493649800012,-1.7225274726393904,-0.40948027553866423,0.8793701868188611,-0.5919686287351322,0.08583432127874459,-0.5348233690070359,1
0.0,1.3901034277782067,2.3104493769804257,-0.0013240353563683273,2.0416416636817942,-0.599603043290984,-0.24365796154926908,-0.5348233690070359,-1.0158880202812166,1.1701686228100328,-2.1813222722915055,-3.76311499728066,2.6670096893636686,0.8793701868188611,-0.5919686287351322,1.375607938388304,-0.5348233690070359,1
0.0,0.2463727977186159,-0.016299466504270888,0.7547001531299076,0.33229065200686064,-0.599603043290984,-0.24365796154926908,-0.5348233690070359,-1.0158880202812166,1.1701686228100328,-0.6321493649800012,0.31806005200187926,-0.40948027553866423,-1.1371775106653543,-0.5919686287351322,0.5157588603152643,-0.5348233690070359,2
0.0,1.3901034277782067,-0.016299466504270888,-1.51337241232892,-1.3770603596680728,1.6677700541868428,-0.24365796154926908,-0.5348233690070359,0.9843604610311101,1.1701686228100328,-0.6321493649800012,0.31806005200187926,-0.40948027553866423,-1.1371775106653543,1.911839423174205,-0.34409021775777515,-0.5348233690070359,1
0.0,1.3901034277782067,-0.016299466504270888,-0.0013240353563683273,0.33229065200686064,-0.599603043290984,-0.24365796154926908,1.869776187709637,0.9843604610311101,-0.8545776912036905,-0.6321493649800012,0.31806005200187926,-0.40948027553866423,-1.1371775106653543,0.6599353972195364,0.5157588603152643,1.869776187709637,1
0.0,-0.897357832340975,-0.016299466504270888,-0.0013240353563683273,-1.3770603596680728,-0.599603043290984,-0.24365796154926908,-0.5348233690070359,0.9843604610311101,-0.8545776912036905,-0.6321493649800012,0.31806005200187926,-0.40948027553866423,0.8793701868188611,-0.5919686287351322,-0.34409021775777515,-0.5348233690070359,2
0.0,0.2463727977186159,1.1470749552380775,0.7547001531299076,0.33229065200686064,-0.599603043290984,-0.24365796154926908,1.869776187709637,-1.0158880202812166,1.1701686228100328,-0.6321493649800012,0.31806005200187926,-0.40948027553866423,-1.1371775106653543,0.6599353972195364,0.9456833993517841,1.869776187709637,1
0.0,-0.897357832340975,-0.016299466504270888,-0.7573482238426442,0.33229065200686064,-0.599603043290984,-0.24365796154926908,-0.5348233690070359,0.9843604610311101,-0.8545776912036905,0.9170235423315033,0.31806005200187926,-0.40948027553866423,-1.1371775106653543,-0.5919686287351322,-0.7740147567942949,-0.5348233690070359,1
0.0,-0.897357832340975,-0.016299466504270888,-0.0013240353563683273,0.33229065200686064,1.6677700541868428,-0.24365796154926908,-0.5348233690070359,-1.0158880202812166,-0.8545776912036905,0.9170235423315033,0.31806005200187926,-0.40948027553866423,-1.1371775106653543,-0.5919686287351322,-0.34409021775777515,-0.5348233690070359,0
0.0,0.2463727977186159,-0.016299466504270888,-0.0013240353563683273,0.33229065200686064,-0.599603043290984,-0.24365796154926908,-0.5348233690070359,-1.0158880202812166,1.1701686228100328,0.9170235423315033,0.31806005200187926,-0.40948027553866423,0.8793701868188611,-0.5919686287351322,0.08583432127874459,-0.5348233690070359,2
0.0,0.2463727977186159,-1.1796738882466193,-0.7573482238426442,-3.086411371343006,1.6677700541868428,-0.24365796154926908,1.869776187709637,-1.0158880202812166,-0.8545776912036905,0.9170235423315033,0.31806005200187926,3.692506344331113,0.8793701868188611,0.6599353972195364,-0.7740147567942949,1.869776187709637,1
0.0,1.3901034277782067,-0.016299466504270888,0.7547001531299076,0.33229065200686064,-0.599603043290984,-0.24365796154926908,-0.5348233690070359,0.9843604610311101,1.1701686228100328,-0.6321493649800012,0.31806005200187926,1.6415130343962245,0.8793701868188611,0.6599353972195364,0.9456833993517841,-0.5348233690070359,0
0.0,0.2463727977186159,-0.016299466504270888,0.7547001531299076,0.33229065200686064,-0.599603043290984,-0.24365796154926908,-0.5348233690070359,-1.0158880202812166,1.1701686228100328,0.9170235423315033,0.31806005200187926,-0.40948027553866423,-1.1371775106653543,-0.5919686287351322,0.5157588603152643,-0.5348233690070359,1
0.0,0.2463727977186159,1.1470749552380775,-0.0013240353563683273,0.33229065200686064,-0.599603043290984,-0.24365796154926908,-0.5348233690070359,0.9843604610311101,-0.8545776912036905,-0.6321493649800012,0.31806005200187926,2.6670096893636686,-1.1371775106653543,-0.5919686287351322,0.5157588603152643,-0.5348233690070359,1
0.0,-2.041088462400566,-1.1796738882466193,-1.51337241232892,0.33229065200686064,1.6677700541868428,-0.24365796154926908,-0.5348233690070359,-1.0158880202812166,-0.8545776912036905,0.9170235423315033,0.31806005200187926,-0.40948027553866423,0.8793701868188611,-0.5919686287351322,-2.0637883739038543,-0.5348233690070359,1
0.0,-0.897357832340975,-0.016299466504270888,-0.0013240353563683273,0.33229065200686064,1.6677700541868428,-0.24365796154926908,-0.5348233690070359,-1.0158880202812166,1.1701686228100328,0.9170235423315033,0.31806005200187926,-0.40948027553866423,0.8793701868188611,0.6599353972195364,-0.34409021775777515,-0.5348233690070359,1
0.0,-0.897357832340975,-0.016299466504270888,-0.7573482238426442,0.33229065200686064,-0.599603043290984,-0.24365796154926908,1.869776187709637,0.9843604610311101,-0.8545776912036905,-0.6321493649800012,0.31806005200187926,0.6160163794287802,-1.1371775106653543,0.6599353972195364,-0.7740147567942949,1.869776187709637,1
0.0,0.2463727977186159,2.3104493769804257,-0.0013240353563683273,0.33229065200686064,1.6677700541868428,-0.24365796154926908,1.869776187709637,0.9843604610311101,-0.8545776912036905,-0.6321493649800012,0.31806005200187926,2.6670096893636686,-1.1371775106653543,1.911839423174205,0.9456833993517841,1.869776187709637,1
0.0,0.2463727977186159,-0.016299466504270888,0.7547001531299076,-1.3770603596680728,-0.599603043290984,-0.24365796154926908,-0.5348233690070359,-1.0158880202812166,1.1701686228100328,0.9170235423315033,0.31806005200187926,-0.40948027553866423,0.8793701868188611,-0.5919686287351322,0.5157588603152643,-0.5348233690070359,0
0.0,-0.897357832340975,-1.1796738882466193,2.2667485301024595,0.33229065200686064,-0.599603043290984,-0.24365796154926908,-0.5348233690070359,-1.0158880202812166,1.1701686228100328,0.9170235423315033,0.31806005200187926,-0.40948027553866423,-1.1371775106653543,-0.5919686287351322,0.5157588603152643,-0.5348233690070359,2
0.0,-0.897357832340975,-0.016299466504270888,-0.0013240353563683273,0.33229065200686064,-0.599603043290984,-0.24365796154926908,-0.5348233690070359,0.9843604610311101,-0.8545776912036905,0.9170235423315033,0.31806005200187926,-0.40948027553866423,0.8793701868188611,-0.5919686287351322,-0.34409021775777515,-0.5348233690070359,0
0.0,0.2463727977186159,-0.016299466504270888,-0.7573482238426442,0.33229065200686064,-0.599603043290984,-0.24365796154926908,-0.5348233690070359,-1.0158880202812166,1.1701686228100328,0.9170235423315033,0.31806005200187926,3.692506344331113,0.8793701868188611,-0.5919686287351322,-0.34409021775777515,-0.5348233690070359,2
0.0,0.2463727977186159,1.1470749552380775,-0.0013240353563683273,0.33229065200686064,-0.599603043290984,-0.24365796154926908,-0.5348233690070359,-1.0158880202812166,-0.8545776912036905,0.9170235423315033,0.31806005200187926,2.6670096893636686,0.8793701868188611,-1.8438726546898008,0.5157588603152643,-0.5348233690070359,1
0.0,0.2463727977186159,-0.016299466504270888,-0.7573482238426442,0.33229065200686064,-0.599603043290984,-0.24365796154926908,-0.5348233690070359,-1.0158880202812166,1.1701686228100328,0.9170235423315033,0.31806005200187926,-0.40948027553866423,-1.1371775106653543,-0.5919686287351322,-0.34409021775777515,-0.5348233690070359,2
0.0,-0.897357832340975,-1.1796738882466193,-0.7573482238426442,-1.3770603596680728,-0.599603043290984,-0.24365796154926908,-0.5348233690070359,-1.0158880202812166,1.1701686228100328,0.9170235423315033,0.31806005200187926,1.6415130343962245,-1.1371775106653543,-0.5919686287351322,-1.2039392958308146,-0.5348233690070359,1
0.0,-0.897357832340975,-1.1796738882466193,-1.51337241232892,0.33229065200686064,-0.599603043290984,-0.24365796154926908,1.869776187709637,0.9843604610311101,-0.8545776912036905,-0.6321493649800012,-1.7225274726393904,-0.40948027553866423,-1.1371775106653543,0.6599353972195364,-1.6338638348673344,1.869776187709637,2
0.0,1.3901034277782067,-1.1796738882466193,-1.51337241232892,0.33229065200686064,-0.599603043290984,-0.24365796154926908,1.869776187709637,0.9843604610311101,-0.8545776912036905,-0.6321493649800012,-3.76311499728066,-0.40948027553866423,-1.1371775106653543,0.6599353972195364,-0.7740147567942949,1.869776187709637,2
0.0,-0.897357832340975,-1.1796738882466193,-0.0013240353563683273,0.33229065200686064,-0.599603043290984,-0.24365796154926908,-0.5348233690070359,-1.0158880202812166,1.1701686228100328,0.9170235423315033,0.31806005200187926,-0.40948027553866423,-1.1371775106653543,-0.5919686287351322,-0.7740147567942949,-0.5348233690070359,2
0.0,0.2463727977186159,1.1470749552380775,-0.0013240353563683273,0.33229065200686064,-0.599603043290984,-0.24365796154926908,-0.5348233690070359,0.9843604610311101,-0.8545776912036905,-0.6321493649800012,-3.76311499728066,-0.40948027553866423,0.8793701868188611,-0.5919686287351322,0.5157588603152643,-0.5348233690070359,2
0.0,-0.897357832340975,-0.016299466504270888,-0.0013240353563683273,-3.086411371343006,1.6677700541868428,-0.24365796154926908,-0.5348233690070359,-1.0158880202812166,-0.8545776912036905,0.9170235423315033,0.31806005200187926,-0.40948027553866423,0.8793701868188611,-0.5919686287351322,-0.34409021775777515,-0.5348233690070359,0
0.0,0.2463727977186159,1.1470749552380775,-0.0013240353563683273,0.33229065200686064,-0.599603043290984,4.104113789845501,-0.5348233690070359,0.9843604610311101,-0.8545776912036905,-0.6321493649800012,0.31806005200187926,-0.40948027553866423,0.8793701868188611,0.6599353972195364,0.5157588603152643,-0.5348233690070359,1
0.0,0.2463727977186159,-0.016299466504270888,0.7547001531299076,0.33229065200686064,-0.599603043290984,-0.24365796154926908,-0.5348233690070359,0.9843604610311101,-0.8545776912036905,0.9170235423315033,0.31806005200187926,-0.40948027553866423,-1.1371775106653543,-0.5919686287351322,0.5157588603152643,-0.5348233690070359,1
0.0,-0.897357832340975,-0.016299466504270888,-1.51337241232892,-3.086411371343006,1.6677700541868428,-0.24365796154926908,-0.5348233690070359,0.9843604610311101,-0.8545776912036905,0.9170235423315033,0.31806005200187926,-0.40948027553866423,0.8793701868188611,0.6599353972195364,-1.2039392958308146,-0.5348233690070359,1
0.0,1.3901034277782067,1.1470749552380775,-0.0013240353563683273,0.33229065200686064,-0.599603043290984,-0.24365796154926908,1.869776187709637,0.9843604610311101,1.1701686228100328,-0.6321493649800012,0.31806005200187926,-0.40948027553866423,0.8793701868188611,1.911839423174205,0.9456833993517841,1.869776187709637,0
0.0,0.2463727977186159,-0.016299466504270888,-0.7573482238426442,0.33229065200686064,-0.599603043290984,-0.24365796154926908,-0.5348233690070359,-1.0158880202812166,-0.8545776912036905,0.9170235423315033,0.31806005200187926,-0.40948027553866423,0.8793701868188611,-1.8438726546898008,-0.34409021775777515,-0.5348233690070359,2
0.0,0.2463727977186159,-1.1796738882466193,-0.7573482238426442,-3.086411371343006,1.6677700541868428,-0.24365796154926908,1.869776187709637,0.9843604610311101,-0.8545776912036905,-0.6321493649800012,0.31806005200187926,-0.40948027553866423,0.8793701868188611,1.911839423174205,-0.7740147567942949,1.869776187709637,2
0.0,1.3901034277782067,-0.016299466504270888,2.2667485301024595,0.33229065200686064,-0.599603043290984,-0.24365796154926908,-0.5348233690070359,0.9843604610311101,-0.8545776912036905,0.9170235423315033,0.31806005200187926,-0.40948027553866423,-1.1371775106653543,-0.5919686287351322,1.8055324774248236,-0.5348233690070359,1
0.0,-0.897357832340975,-1.1796738882466193,-0.0013240353563683273,0.33229065200686064,-0.599603043290984,-0.24365796154926908,1.869776187709637,-1.0158880202812166,-0.8545776912036905,-2.1813222722915055,-3.76311499728066,-0.40948027553866423,0.8793701868188611,-0.5919686287351322,-0.7740147567942949,1.869776187709637,1
0.0,1.3901034277782067,1.1470749552380775,2.2667485301024595,0.33229065200686064,-0.599603043290984,-0.24365796154926908,-0.5348233690070359,-1.0158880202812166,1.1701686228100328,0.9170235423315033,0.31806005200187926,-0.40948027553866423,0.8793701868188611,-0.5919686287351322,2.235457016461343,-0.5348233690070359,1
0.0,-0.897357832340975,-1.1796738882466193,-0.7573482238426442,0.33229065200686064,-0.599603043290984,-0.24365796154926908,-0.5348233690070359,-1.0158880202812166,1.1701686228100328,0.9170235423315033,0.31806005200187926,-0.40948027553866423,0.8793701868188611,-0.5919686287351322,-1.2039392958308146,-0.5348233690070359,1
0.0,-0.897357832340975,-1.1796738882466193,-0.0013240353563683273,0.33229065200686064,-0.599603043290984,-0.24365796154926908,-0.5348233690070359,0.9843604610311101,-0.8545776912036905,0.9170235423315033,0.31806005200187926,-0.40948027553866423,-1.1371775106653543,-0.5919686287351322,-0.7740147567942949,-0.5348233690070359,2
0.0,1.3901034277782067,2.3104493769804257,-0.0013240353563683273,-1.3770603596680728,-0.599603043290984,-0.24365796154926908,-0.5348233690070359,0.9843604610311101,-0.8545776912036905,0.9170235423315033,0.31806005200187926,-0.40948027553866423,0.8793701868188611,-0.5919686287351322,1.375607938388304,-0.5348233690070359,2
0.0,0.2463727977186159,-1.1796738882466193,0.7547001531299076,0.33229065200686064,-0.599603043290984,-0.24365796154926908,1.869776187709637,0.9843604610311101,1.1701686228100328,-0.6321493649800012,0.31806005200187926,-0.40948027553866423,0.8793701868188611,1.911839423174205,0.08583432127874459,1.869776187709637,1
0.0,1.3901034277782067,-0.016299466504270888,2.2667485301024595,0.33229065200686064,-0.599603043290984,-0.24365796154926908,1.869776187709637,0.9843604610311101,-0.8545776912036905,0.9170235423315033,0.31806005200187926,-0.40948027553866423,0.8793701868188611,0.6599353972195364,1.8055324774248236,1.869776187709637,2
0.0,0.2463727977186159,1.1470749552380775,-1.51337241232892,0.33229065200686064,-0.599603043290984,-0.24365796154926908,-0.5348233690070359,-1.0158880202812166,1.1701686228100328,-0.6321493649800012,0.31806005200187926,-0.40948027553866423,-1.1371775106653543,-0.5919686287351322,-0.34409021775777515,-0.5348233690070359,1
0.0,-0.897357832340975,-0.016299466504270888,-1.51337241232892,0.33229065200686064,-0.599603043290984,-0.24365796154926908,-0.5348233690070359,-1.0158880202812166,-0.8545776912036905,0.9170235423315033,0.31806005200187926,-0.40948027553866423,-1.1371775106653543,-1.8438726546898008,-1.2039392958308146,-0.5348233690070359,1
0.0,0.2463727977186159,-1.1796738882466193,2.2667485301024595,0.33229065200686064,-0.599603043290984,-0.24365796154926908,1.869776187709637,-1.0158880202812166,1.1701686228100328,-0.6321493649800012,-3.76311499728066,-0.40948027553866423,0.8793701868188611,0.6599353972195364,0.9456833993517841,1.869776187709637,2
0.0,1.3901034277782067,1.1470749552380775,-0.7573482238426442,-3.086411371343006,-0.599603043290984,-0.24365796154926908,-0.5348233690070359,-1.0158880202812166,-0.8545776912036905,0.9170235423315033,-3.76311499728066,-0.40948027553866423,-1.1371775106653543,-1.8438726546898008,0.5157588603152643,-0.5348233690070359,1
0.0,-0.897357832340975,-1.1796738882466193,0.7547001531299076,0.33229065200686064,-0.599603043290984,-0.24365796154926908,-0.5348233690070359,0.9843604610311101,1.1701686228100328,0.9170235423315033,0.31806005200187926,-0.40948027553866423,-1.1371775106653543,0.6599353972195364,-0.34409021775777515,-0.5348233690070359,1
0.0,1.3901034277782067,-0.016299466504270888,0.7547001531299076,-3.086411371343006,1.6677700541868428,-0.24365796154926908,-0.5348233690070359,-1.0158880202812166,-0.8545776912036905,0.9170235423315033,0.31806005200187926,-0.40948027553866423,0.8793701868188611,-0.5919686287351322,0.9456833993517841,-0.5348233690070359,0
0.0,-0.897357832340975,-1.1796738882466193,-0.7573482238426442,0.33229065200686064,-0.599603043290984,-0.24365796154926908,-0.5348233690070359,0.9843604610311101,-0.8545776912036905,0.9170235423315033,0.31806005200187926,-0.40948027553866423,0.8793701868188611,-0.5919686287351322,-1.2039392958308146,-0.5348233690070359,1
0.0,-0.897357832340975,-0.016299466504270888,-0.7573482238426442,0.33229065200686064,-0.599603043290984,-0.24365796154926908,-0.5348233690070359,-1.0158880202812166,1.1701686228100328,0.9170235423315033,0.31806005200187926,-0.40948027553866423,0.8793701868188611,-0.5919686287351322,-0.7740147567942949,-0.5348233690070359,1
0.0,0.2463727977186159,1.1470749552380775,-0.0013240353563683273,0.33229065200686064,-0.599603043290984,-0.24365796154926908,-0.5348233690070359,0.9843604610311101,1.1701686228100328,0.9170235423315033,0.31806005200187926,-0.40948027553866423,0.8793701868188611,0.6599353972195364,0.5157588603152643,-0.5348233690070359,0
0.0,2.533834057837798,1.1470749552380775,-0.0013240353563683273,0.33229065200686064,1.6677700541868428,-0.24365796154926908,1.869776187709637,-1.0158880202812166,1.1701686228100328,-2.1813222722915055,-3.76311499728066,-0.40948027553866423,-1.1371775106653543,1.911839423174205,1.375607938388304,1.869776187709637,2
0.0,1.3901034277782067,1.1470749552380775,-0.0013240353563683273,0.33229065200686064,1.6677700541868428,-0.24365796154926908,1.869776187709637,0.9843604610311101,-0.8545776912036905,-0.6321493649800012,-3.76311499728066,-0.40948027553866423,-1.1371775106653543,1.911839423174205,0.9456833993517841,1.869776187709637,2
0.0,-0.897357832340975,-0.016299466504270888,-0.0013240353563683273,0.33229065200686064,-0.599603043290984,-0.24365796154926908,-0.5348233690070359,-1.0158880202812166,1.1701686228100328,0.9170235423315033,0.31806005200187926,2.6670096893636686,0.8793701868188611,-0.5919686287351322,-0.34409021775777515,-0.5348233690070359,1
0.0,0.2463727977186159,2.3104493769804257,0.7547001531299076,0.33229065200686064,-0.599603043290984,-0.24365796154926908,-0.5348233690070359,0.9843604610311101,-0.8545776912036905,0.9170235423315033,0.31806005200187926,-0.40948027553866423,-1.1371775106653543,-0.5919686287351322,1.375607938388304,-0.5348233690070359,2
0.0,-0.897357832340975,-1.1796738882466193,-0.0013240353563683273,-3.086411371343006,1.6677700541868428,-0.24365796154926908,1.869776187709637,-1.0158880202812166,-0.8545776912036905,-0.6321493649800012,0.31806005200187926,0.6160163794287802,0.8793701868188611,0.6599353972195364,-0.7740147567942949,1.869776187709637,1
0.0,0.2463727977186159,-0.016299466504270888,-0.7573482238426442,0.33229065200686064,-0.599603043290984,-0.24365796154926908,-0.5348233690070359,-1.0158880202812166,1.1701686228100328,0.9170235423315033,0.31806005200187926,-0.40948027553866423,0.8793701868188611,-0.5919686287351322,-0.34409021775777515,-0.5348233690070359,2
0.0,-0.897357832340975,-1.1796738882466193,-0.7573482238426442,0.33229065200686064,-0.599603043290984,-0.24365796154926908,-0.5348233690070359,0.9843604610311101,1.1701686228100328,-0.6321493649800012,0.31806005200187926,-0.40948027553866423,0.8793701868188611,0.6599353972195364,-1.2039392958308146,-0.5348233690070359,1
0.0,-0.897357832340975,-1.1796738882466193,2.2667485301024595,2.0416416636817942,-0.599603043290984,-0.24365796154926908,-0.5348233690070359,0.9843604610311101,1.1701686228100328,0.9170235423315033,0.31806005200187926,-0.40948027553866423,0.8793701868188611,0.6599353972195364,0.5157588603152643,-0.5348233690070359,1
0.0,-0.897357832340975,-1.1796738882466193,-1.51337241232892,0.33229065200686064,-0.599603043290984,-0.24365796154926908,-0.5348233690070359,0.9843604610311101,1.1701686228100328,-0.6321493649800012,0.31806005200187926,-0.40948027553866423,-1.1371775106653543,0.6599353972195364,-1.6338638348673344,-0.5348233690070359,1
0.0,1.3901034277782067,2.3104493769804257,-0.0013240353563683273,-3.086411371343006,1.6677700541868428,4.104113789845501,1.869776187709637,-1.0158880202812166,-0.8545776912036905,-0.6321493649800012,-3.76311499728066,1.6415130343962245,-1.1371775106653543,1.911839423174205,1.375607938388304,1.869776187709637,1
0.0,0.2463727977186159,-0.016299466504270888,2.2667485301024595,0.33229065200686064,-0.599603043290984,-0.24365796154926908,-0.5348233690070359,0.9843604610311101,-0.8545776912036905,0.9170235423315033,0.31806005200187926,2.6670096893636686,-1.1371775106653543,-0.5919686287351322,1.375607938388304,-0.5348233690070359,1
0.0,-0.897357832340975,-1.1796738882466193,-0.7573482238426442,0.33229065200686064,-0.599603043290984,-0.24365796154926908,-0.5348233690070359,0.9843604610311101,-0.8545776912036905,0.9170235423315033,0.31806005200187926,-0.40948027553866423,0.8793701868188611,-0.5919686287351322,-1.2039392958308146,-0.5348233690070359,1
0.0,-0.897357832340975,1.1470749552380775,-0.7573482238426442,-3.086411371343006,1.6677700541868428,-0.24365796154926908,-0.5348233690070359,-1.0158880202812166,1.1701686228100328,-0.6321493649800012,0.31806005200187926,3.692506344331113,-1.1371775106653543,0.6599353972195364,-0.34409021775777515,-0.5348233690070359,1
0.0,-0.897357832340975,-1.1796738882466193,-0.0013240353563683273,-1.3770603596680728,-0.599603043290984,-0.24365796154926908,-0.5348233690070359,0.9843604610311101,1.1701686228100328,-0.6321493649800012,0.31806005200187926,-0.40948027553866423,-1.1371775106653543,0.6599353972195364,-0.7740147567942949,-0.5348233690070359,1
0.0,-2.041088462400566,-1.1796738882466193,0.7547001531299076,0.33229065200686064,-0.599603043290984,-0.24365796154926908,-0.5348233690070359,0.9843604610311101,1.1701686228100328,-0.6321493649800012,0.31806005200187926,-0.40948027553866423,0.8793701868188611,0.6599353972195364,-0.7740147567942949,-0.5348233690070359,1
0.0,0.2463727977186159,1.1470749552380775,-0.0013240353563683273,0.33229065200686064,-0.599603043290984,-0.24365796154926908,-0.5348233690070359,0.9843604610311101,-0.8545776912036905,0.9170235423315033,0.31806005200187926,2.6670096893636686,0.8793701868188611,-0.5919686287351322,0.5157588603152643,-0.5348233690070359,1
0.0,-0.897357832340975,-1.1796738882466193,-0.0013240353563683273,0.33229065200686064,-0.599603043290984,4.104113789845501,1.869776187709637,-1.0158880202812166,-0.8545776912036905,-0.6321493649800012,0.31806005200187926,0.6160163794287802,0.8793701868188611,0.6599353972195364,-0.7740147567942949,1.869776187709637,1
0.0,-0.897357832340975,1.1470749552380775,-1.51337241232892,0.33229065200686064,-0.599603043290984,-0.24365796154926908,-0.5348233690070359,-1.0158880202812166,1.1701686228100328,-2.1813222722915055,-1.7225274726393904,-0.40948027553866423,0.8793701868188611,-0.5919686287351322,-0.7740147567942949,-0.5348233690070359,2
0.0,2.533834057837798,-0.016299466504270888,-0.0013240353563683273,2.0416416636817942,-0.599603043290984,-0.24365796154926908,1.869776187709637,0.9843604610311101,-0.8545776912036905,-2.1813222722915055,-3.76311499728066,-0.40948027553866423,0.8793701868188611,0.6599353972195364,0.9456833993517841,1.869776187709637,2
0.0,-0.897357832340975,-1.1796738882466193,-0.7573482238426442,0.33229065200686064,-0.599603043290984,-0.24365796154926908,-0.5348233690070359,0.9843604610311101,-0.8545776912036905,0.9170235423315033,0.31806005200187926,-0.40948027553866423,-1.1371775106653543,-0.5919686287351322,-1.2039392958308146,-0.5348233690070359,2
0.0,0.2463727977186159,-1.1796738882466193,-0.7573482238426442,0.33229065200686064,-0.599603043290984,-0.24365796154926908,-0.5348233690070359,0.9843604610311101,-0.8545776912036905,-0.6321493649800012,0.31806005200187926,-0.40948027553866423,0.8793701868188611,-0.5919686287351322,-0.7740147567942949,-0.5348233690070359,1
0.0,-0.897357832340975,-0.016299466504270888,-0.7573482238426442,0.33229065200686064,-0.599603043290984,-0.24365796154926908,-0.5348233690070359,-1.0158880202812166,1.1701686228100328,-0.6321493649800012,0.31806005200187926,-0.40948027553866423,0.8793701868188611,-0.5919686287351322,-0.7740147567942949,-0.5348233690070359,1
0.0,0.2463727977186159,-0.016299466504270888,-0.7573482238426442,0.33229065200686064,-0.599603043290984,-0.24365796154926908,-0.5348233690070359,-1.0158880202812166,1.1701686228100328,-0.6321493649800012,0.31806005200187926,-0.40948027553866423,0.8793701868188611,-0.5919686287351322,-0.34409021775777515,-0.5348233690070359,1
0.0,0.2463727977186159,-0.016299466504270888,-0.7573482238426442,0.33229065200686064,-0.599603043290984,-0.24365796154926908,-0.5348233690070359,-1.0158880202812166,1.1701686228100328,0.9170235423315033,0.31806005200187926,-0.40948027553866423,0.8793701868188611,-0.5919686287351322,-0.34409021775777515,-0.5348233690070359,1
0.0,0.2463727977186159,1.1470749552380775,-0.0013240353563683273,0.33229065200686064,1.6677700541868428,-0.24365796154926908,-0.5348233690070359,0.9843604610311101,-0.8545776912036905,-0.6321493649800012,0.31806005200187926,-0.40948027553866423,-1.1371775106653543,0.6599353972195364,0.5157588603152643,-0.5348233690070359,2
0.0,1.3901034277782067,-0.016299466504270888,2.2667485301024595,-3.086411371343006,-0.599603043290984,-0.24365796154926908,1.869776187709637,0.9843604610311101,-0.8545776912036905,0.9170235423315033,0.31806005200187926,-0.40948027553866423,0.8793701868188611,0.6599353972195364,1.8055324774248236,1.869776187709637,1
0.0,-0.897357832340975,-0.016299466504270888,-0.7573482238426442,0.33229065200686064,-0.599603043290984,-0.24365796154926908,-0.5348233690070359,-1.0158880202812166,-0.8545776912036905,-0.6321493649800012,0.31806005200187926,-0.40948027553866423,-1.1371775106653543,-1.8438726546898008,-0.7740147567942949,-0.5348233690070359,0
0.0,0.2463727977186159,-0.016299466504270888,-0.0013240353563683273,0.33229065200686064,1.6677700541868428,-0.24365796154926908,-0.5348233690070359,-1.0158880202812166,-0.8545776912036905,-0.6321493649800012,0.31806005200187926,-0.40948027553866423,0.8793701868188611,-0.5919686287351322,0.08583432127874459,-0.5348233690070359,1
0.0,0.2463727977186159,-1.1796738882466193,-0.0013240353563683273,0.33229065200686064,-0.599603043290984,-0.24365796154926908,-0.5348233690070359,0.9843604610311101,-0.8545776912036905,-0.6321493649800012,0.31806005200187926,-0.40948027553866423,-1.1371775106653543,-0.5919686287351322,-0.34409021775777515,-0.5348233690070359,2
0.0,-0.897357832340975,-1.1796738882466193,-0.0013240353563683273,0.33229065200686064,1.6677700541868428,-0.24365796154926908,-0.5348233690070359,-1.0158880202812166,-0.8545776912036905,0.9170235423315033,0.31806005200187926,2.6670096893636686,0.8793701868188611,-0.5919686287351322,-0.7740147567942949,-0.5348233690070359,1
0.0,-0.897357832340975,-0.016299466504270888,-0.0013240353563683273,-1.3770603596680728,-0.599603043290984,-0.24365796154926908,-0.5348233690070359,-1.0158880202812166,1.1701686228100328,-0.6321493649800012,-1.7225274726393904,-0.40948027553866423,0.8793701868188611,-0.5919686287351322,-0.34409021775777515,-0.5348233690070359,0
0.0,-2.041088462400566,-1.1796738882466193,-1.51337241232892,0.33229065200686064,-0.599603043290984,-0.24365796154926908,-0.5348233690070359,-1.0158880202812166,-0.8545776912036905,0.9170235423315033,0.31806005200187926,-0.40948027553866423,-1.1371775106653543,-1.8438726546898008,-2.0637883739038543,-0.5348233690070359,1
0.0,-0.897357832340975,-0.016299466504270888,-0.7573482238426442,0.33229065200686064,1.6677700541868428,-0.24365796154926908,-0.5348233690070359,0.9843604610311101,-0.8545776912036905,-0.6321493649800012,0.31806005200187926,-0.40948027553866423,0.8793701868188611,0.6599353972195364,-0.7740147567942949,-0.5348233690070359,1
0.0,-0.897357832340975,-1.1796738882466193,-1.51337241232892,0.33229065200686064,1.6677700541868428,-0.24365796154926908,-0.5348233690070359,0.9843604610311101,-0.8545776912036905,-0.6321493649800012,0.31806005200187926,-0.40948027553866423,0.8793701868188611,0.6599353972195364,-1.6338638348673344,-0.5348233690070359,2
0.0,0.2463727977186159,-0.016299466504270888,2.2667485301024595,0.33229065200686064,-0.599603043290984,-0.24365796154926908,-0.5348233690070359,0.9843604610311101,-0.8545776912036905,-0.6321493649800012,-3.76311499728066,-0.40948027553866423,-1.1371775106653543,-0.5919686287351322,1.375607938388304,-0.5348233690070359,2
0.0,-0.897357832340975,-1.1796738882466193,-1.51337241232892,-3.086411371343006,1.6677700541868428,-0.24365796154926908,-0.5348233690070359,-1.0158880202812166,1.1701686228100328,0.9170235423315033,0.31806005200187926,1.6415130343962245,0.8793701868188611,0.6599353972195364,-1.6338638348673344,-0.5348233690070359,1
0.0,-2.041088462400566,-1.1796738882466193,-0.7573482238426442,0.33229065200686064,-0.599603043290984,-0.24365796154926908,-0.5348233690070359,-1.0158880202812166,1.1701686228100328,0.9170235423315033,0.31806005200187926,-0.40948027553866423,0.8793701868188611,-0.5919686287351322,-1.6338638348673344,-0.5348233690070359,1
0.0,0.2463727977186159,1.1470749552380775,-0.0013240353563683273,0.33229065200686064,-0.599603043290984,-0.24365796154926908,-0.5348233690070359,-1.0158880202812166,1.1701686228100328,0.9170235423315033,0.31806005200187926,-0.40948027553866423,0.8793701868188611,-0.5919686287351322,0.5157588603152643,-0.5348233690070359,1
0.0,0.2463727977186159,-0.016299466504270888,0.7547001531299076,0.33229065200686064,1.6677700541868428,-0.24365796154926908,-0.5348233690070359,-1.0158880202812166,-0.8545776912036905,-2.1813222722915055,-3.76311499728066,0.6160163794287802,-1.1371775106653543,-0.5919686287351322,0.5157588603152643,-0.5348233690070359,1
0.0,-2.041088462400566,-1.1796738882466193,-0.7573482238426442,0.33229065200686064,1.6677700541868428,-0.24365796154926908,-0.5348233690070359,-1.0158880202812166,-0.8545776912036905,-0.6321493649800012,0.31806005200187926,-0.40948027553866423,-1.1371775106653543,-0.5919686287351322,-1.6338638348673344,-0.5348233690070359,1
0.0,0.2463727977186159,-0.016299466504270888,-0.7573482238426442,0.33229065200686064,1.6677700541868428,-0.24365796154926908,-0.5348233690070359,-1.0158880202812166,-0.8545776912036905,0.9170235423315033,0.31806005200187926,-0.40948027553866423,0.8793701868188611,-0.5919686287351322,-0.34409021775777515,-0.5348233690070359,1
0.0,0.2463727977186159,-0.016299466504270888,0.7547001531299076,0.33229065200686064,-0.599603043290984,-0.24365796154926908,-0.5348233690070359,0.9843604610311101,1.1701686228100328,0.9170235423315033,0.31806005200187926,1.6415130343962245,0.8793701868188611,0.6599353972195364,0.5157588603152643,-0.5348233690070359,2
0.0,1.3901034277782067,-1.1796738882466193,1.5107243416161835,0.33229065200686064,-0.599603043290984,-0.24365796154926908,-0.5348233690070359,-1.0158880202812166,1.1701686228100328,-0.6321493649800012,0.31806005200187926,-0.40948027553866423,0.8793701868188611,-0.5919686287351322,0.9456833993517841,-0.5348233690070359,1
0.0,0.2463727977186159,-0.016299466504270888,-0.0013240353563683273,-1.3770603596680728,-0.599603043290984,-0.24365796154926908,-0.5348233690070359,0.9843604610311101,1.1701686228100328,-2.1813222722915055,-1.7225274726393904,-0.40948027553866423,-1.1371775106653543,0.6599353972195364,0.08583432127874459,-0.5348233690070359,0
0.0,0.2463727977186159,-0.016299466504270888,-0.7573482238426442,0.33229065200686064,-0.599603043290984,-0.24365796154926908,-0.5348233690070359,0.9843604610311101,-0.8545776912036905,0.9170235423315033,0.31806005200187926,-0.40948027553866423,0.8793701868188611,-0.5919686287351322,-0.34409021775777515,-0.5348233690070359,1
0.0,-2.041088462400566,1.1470749552380775,-0.0013240353563683273,0.33229065200686064,1.6677700541868428,-0.24365796154926908,-0.5348233690070359,0.9843604610311101,-0.8545776912036905,-0.6321493649800012,-1.7225274726393904,-0.40948027553866423,-1.1371775106653543,0.6599353972195364,-0.34409021775777515,-0.5348233690070359,1
0.0,1.3901034277782067,1.1470749552380775,-1.51337241232892,0.33229065200686064,1.6677700541868428,-0.24365796154926908,1.869776187709637,0.9843604610311101,-0.8545776912036905,0.9170235423315033,0.31806005200187926,-0.40948027553866423,0.8793701868188611,1.911839423174205,0.08583432127874459,1.869776187709637,1
0.0,0.2463727977186159,-0.016299466504270888,-0.0013240353563683273,-1.3770603596680728,1.6677700541868428,-0.24365796154926908,1.869776187709637,-1.0158880202812166,-0.8545776912036905,-0.6321493649800012,-3.76311499728066,-0.40948027553866423,-1.1371775106653543,0.6599353972195364,0.08583432127874459,1.869776187709637,1
0.0,-0.897357832340975,-0.016299466504270888,-0.7573482238426442,-3.086411371343006,1.6677700541868428,-0.24365796154926908,1.869776187709637,0.9843604610311101,1.1701686228100328,0.9170235423315033,0.31806005200187926,-0.40948027553866423,-1.1371775106653543,3.163743449128874,-0.7740147567942949,1.869776187709637,2
0.0,-0.897357832340975,-1.1796738882466193,-0.7573482238426442,0.33229065200686064,-0.599603043290984,-0.24365796154926908,-0.5348233690070359,0.9843604610311101,1.1701686228100328,-2.1813222722915055,0.31806005200187926,-0.40948027553866423,-1.1371775106653543,0.6599353972195364,-1.2039392958308146,-0.5348233690070359,1
0.0,0.2463727977186159,1.1470749552380775,0.7547001531299076,-3.086411371343006,-0.599603043290984,-0.24365796154926908,-0.5348233690070359,0.9843604610311101,-0.8545776912036905,0.9170235423315033,0.31806005200187926,2.6670096893636686,0.8793701868188611,-0.5919686287351322,0.9456833993517841,-0.5348233690070359,1
0.0,0.2463727977186159,1.1470749552380775,2.2667485301024595,0.33229065200686064,-0.599603043290984,-0.24365796154926908,-0.5348233690070359,0.9843604610311101,-0.8545776912036905,0.9170235423315033,0.31806005200187926,-0.40948027553866423,-1.1371775106653543,-0.5919686287351322,1.8055324774248236,-0.5348233690070359,1
0.0,-0.897357832340975,-0.016299466504270888,-0.7573482238426442,0.33229065200686064,1.6677700541868428,-0.24365796154926908,-0.5348233690070359,0.9843604610311101,-0.8545776912036905,-0.6321493649800012,0.31806005200187926,-0.40948027553866423,0.8793701868188611,0.6599353972195364,-0.7740147567942949,-0.5348233690070359,1
0.0,-0.897357832340975,-0.016299466504270888,-0.7573482238426442,0.33229065200686064,-0.599603043290984,-0.24365796154926908,-0.5348233690070359,0.9843604610311101,-0.8545776912036905,0.9170235423315033,0.31806005200187926,-0.40948027553866423,0.8793701868188611,-0.5919686287351322,-0.7740147567942949,-0.5348233690070359,1
0.0,-2.041088462400566,-0.016299466504270888,0.7547001531299076,0.33229065200686064,-0.599603043290984,-0.24365796154926908,-0.5348233690070359,0.9843604610311101,-0.8545776912036905,-2.1813222722915055,0.31806005200187926,-0.40948027553866423,0.8793701868188611,-0.5919686287351322,-0.34409021775777515,-0.5348233690070359,1
0.0,0.2463727977186159,1.1470749552380775,-0.0013240353563683273,0.33229065200686064,-0.599603043290984,-0.24365796154926908,-0.5348233690070359,0.9843604610311101,-0.8545776912036905,0.9170235423315033,0.31806005200187926,-0.40948027553866423,-1.1371775106653543,-0.5919686287351322,0.5157588603152643,-0.5348233690070359,1
0.0,0.2463727977186159,-0.016299466504270888,-0.0013240353563683273,0.33229065200686064,-0.599603043290984,-0.24365796154926908,1.869776187709637,0.9843604610311101,-0.8545776912036905,-0.6321493649800012,0.31806005200187926,-0.40948027553866423,0.8793701868188611,0.6599353972195364,0.08583432127874459,1.869776187709637,1
0.0,0.2463727977186159,-1.1796738882466193,0.7547001531299076,0.33229065200686064,-0.599603043290984,-0.24365796154926908,-0.5348233690070359,-1.0158880202812166,1.1701686228100328,0.9170235423315033,0.31806005200187926,-0.40948027553866423,0.8793701868188611,-0.5919686287351322,0.08583432127874459,-0.5348233690070359,1
0.0,-0.897357832340975,-0.016299466504270888,-0.7573482238426442,0.33229065200686064,-0.599603043290984,-0.24365796154926908,1.869776187709637,0.9843604610311101,-0.8545776912036905,-0.6321493649800012,-1.7225274726393904,-0.40948027553866423,0.8793701868188611,0.6599353972195364,-0.7740147567942949,1.869776187709637,1
0.0,-0.897357832340975,-1.1796738882466193,-0.7573482238426442,0.33229065200686064,-0.599603043290984,-0.24365796154926908,-0.5348233690070359,-1.0158880202812166,1.1701686228100328,-0.6321493649800012,0.31806005200187926,-0.40948027553866423,0.8793701868188611,-0.5919686287351322,-1.2039392958308146,-0.5348233690070359,1
0.0,0.2463727977186159,-0.016299466504270888,-0.0013240353563683273,0.33229065200686064,-0.599603043290984,-0.24365796154926908,-0.5348233690070359,-1.0158880202812166,1.1701686228100328,0.9170235423315033,0.31806005200187926,-0.40948027553866423,-1.1371775106653543,-0.5919686287351322,0.08583432127874459,-0.5348233690070359,2
0.0,0.2463727977186159,1.1470749552380775,1.5107243416161835,0.33229065200686064,-0.599603043290984,-0.24365796154926908,-0.5348233690070359,0.9843604610311101,-0.8545776912036905,0.9170235423315033,0.31806005200187926,0.6160163794287802,0.8793701868188611,-0.5919686287351322,1.375607938388304,-0.5348233690070359,1
0.0,1.3901034277782067,1.1470749552380775,2.2667485301024595,0.33229065200686064,-0.599603043290984,4.104113789845501,-0.5348233690070359,-1.0158880202812166,-0.8545776912036905,-0.6321493649800012,0.31806005200187926,-0.40948027553866423,-1.1371775106653543,-0.5919686287351322,2.235457016461343,-0.5348233690070359,2
0.0,-0.897357832340975,-0.016299466504270888,-0.7573482238426442,0.33229065200686064,-0.599603043290984,-0.24365796154926908,1.869776187709637,-1.0158880202812166,-0.8545776912036905,0.9170235423315033,0.31806005200187926,-0.40948027553866423,0.8793701868188611,-0.5919686287351322,-0.7740147567942949,1.869776187709637,2
0.0,1.3901034277782067,-1.1796738882466193,0.7547001531299076,0.33229065200686064,-0.599603043290984,-0.24365796154926908,-0.5348233690070359,-1.0158880202812166,-0.8545776912036905,-0.6321493649800012,0.31806005200187926,-0.40948027553866423,0.8793701868188611,-1.8438726546898008,0.5157588603152643,-0.5348233690070359,2
0.0,-0.897357832340975,-1.1796738882466193,-0.7573482238426442,-1.3770603596680728,-0.599603043290984,-0.24365796154926908,-0.5348233690070359,0.9843604610311101,1.1701686228100328,0.9170235423315033,0.31806005200187926,-0.40948027553866423,-1.1371775106653543,0.6599353972195364,-1.2039392958308146,-0.5348233690070359,1
0.0,0.2463727977186159,-0.016299466504270888,0.7547001531299076,0.33229065200686064,-0.599603043290984,-0.24365796154926908,-0.5348233690070359,0.9843604610311101,-0.8545776912036905,0.9170235423315033,0.31806005200187926,-0.40948027553866423,-1.1371775106653543,-0.5919686287351322,0.5157588603152643,-0.5348233690070359,1
0.0,-0.897357832340975,-0.016299466504270888,-0.0013240353563683273,0.33229065200686064,-0.599603043290984,-0.24365796154926908,-0.5348233690070359,0.9843604610311101,-0.8545776912036905,-0.6321493649800012,0.31806005200187926,-0.40948027553866423,-1.1371775106653543,-0.5919686287351322,-0.34409021775777515,-0.5348233690070359,2
0.0,1.3901034277782067,-0.016299466504270888,-0.0013240353563683273,0.33229065200686064,-0.599603043290984,-0.24365796154926908,-0.5348233690070359,0.9843604610311101,-0.8545776912036905,-0.6321493649800012,0.31806005200187926,-0.40948027553866423,0.8793701868188611,-0.5919686287351322,0.5157588603152643,-0.5348233690070359,1
0.0,0.2463727977186159,-1.1796738882466193,-1.51337241232892,0.33229065200686064,-0.599603043290984,-0.24365796154926908,-0.5348233690070359,0.9843604610311101,-0.8545776912036905,0.9170235423315033,0.31806005200187926,-0.40948027553866423,0.8793701868188611,-0.5919686287351322,-1.2039392958308146,-0.5348233690070359,2
0.0,0.2463727977186159,-0.016299466504270888,0.7547001531299076,0.33229065200686064,-0.599603043290984,4.104113789845501,1.869776187709637,-1.0158880202812166,-0.8545776912036905,-2.1813222722915055,0.31806005200187926,0.6160163794287802,0.8793701868188611,0.6599353972195364,0.5157588603152643,1.869776187709637,2
0.0,0.2463727977186159,-0.016299466504270888,0.7547001531299076,-1.3770603596680728,1.6677700541868428,-0.24365796154926908,-0.5348233690070359,0.9843604610311101,1.1701686228100328,-0.6321493649800012,0.31806005200187926,-0.40948027553866423,0.8793701868188611,1.911839423174205,0.5157588603152643,-0.5348233690070359,0
0.0,1.3901034277782067,1.1470749552380775,1.5107243416161835,0.33229065200686064,-0.599603043290984,-0.24365796154926908,-0.5348233690070359,0.9843604610311101,1.1701686228100328,-0.6321493649800012,0.31806005200187926,-0.40948027553866423,-1.1371775106653543,0.6599353972195364,1.8055324774248236,-0.5348233690070359,2
0.0,-0.897357832340975,-0.016299466504270888,-0.7573482238426442,0.33229065200686064,-0.599603043290984,-0.24365796154926908,-0.5348233690070359,-1.0158880202812166,-0.8545776912036905,0.9170235423315033,0.31806005200187926,0.6160163794287802,-1.1371775106653543,-1.8438726546898008,-0.7740147567942949,-0.5348233690070359,1
0.0,0.2463727977186159,-0.016299466504270888,-0.0013240353563683273,0.33229065200686064,-0.599603043290984,-0.24365796154926908,-0.5348233690070359,-1.0158880202812166,1.1701686228100328,-0.6321493649800012,0.31806005200187926,-0.40948027553866423,0.8793701868188611,-0.5919686287351322,0.08583432127874459,-0.5348233690070359,1
0.0,0.2463727977186159,-1.1796738882466193,-0.0013240353563683273,0.33229065200686064,-0.599603043290984,-0.24365796154926908,-0.5348233690070359,0.9843604610311101,-0.8545776912036905,0.9170235423315033,0.31806005200187926,-0.40948027553866423,-1.1371775106653543,-0.5919686287351322,-0.34409021775777515,-0.5348233690070359,1
0.0,0.2463727977186159,1.1470749552380775,0.7547001531299076,0.33229065200686064,1.6677700541868428,-0.24365796154926908,-0.5348233690070359,0.9843604610311101,-0.8545776912036905,-0.6321493649800012,0.31806005200187926,-0.40948027553866423,0.8793701868188611,0.6599353972195364,0.9456833993517841,-0.5348233690070359,0
0.0,-0.897357832340975,-0.016299466504270888,-1.51337241232892,-3.086411371343006,-0.599603043290984,-0.24365796154926908,-0.5348233690070359,-1.0158880202812166,1.1701686228100328,0.9170235423315033,0.31806005200187926,-0.40948027553866423,0.8793701868188611,-0.5919686287351322,-1.2039392958308146,-0.5348233690070359,1
0.0,0.2463727977186159,-0.016299466504270888,-0.0013240353563683273,0.33229065200686064,-0.599603043290984,-0.24365796154926908,-0.5348233690070359,-1.0158880202812166,1.1701686228100328,0.9170235423315033,0.31806005200187926,2.6670096893636686,-1.1371775106653543,-0.5919686287351322,0.08583432127874459,-0.5348233690070359,2
0.0,0.2463727977186159,1.1470749552380775,-0.7573482238426442,0.33229065200686064,1.6677700541868428,-0.24365796154926908,1.869776187709637,0.9843604610311101,-0.8545776912036905,0.9170235423315033,0.31806005200187926,3.692506344331113,0.8793701868188611,1.911839423174205,0.08583432127874459,1.869776187709637,1
0.0,0.2463727977186159,2.3104493769804257,-0.0013240353563683273,-3.086411371343006,-0.599603043290984,-0.24365796154926908,-0.5348233690070359,0.9843604610311101,-0.8545776912036905,0.9170235423315033,0.31806005200187926,2.6670096893636686,0.8793701868188611,-0.5919686287351322,0.9456833993517841,-0.5348233690070359,0
0.0,0.2463727977186159,1.1470749552380775,0.7547001531299076,-3.086411371343006,1.6677700541868428,-0.24365796154926908,1.869776187709637,-1.0158880202812166,-0.8545776912036905,0.9170235423315033,0.31806005200187926,3.692506344331113,-1.1371775106653543,0.6599353972195364,0.9456833993517841,1.869776187709637,1
0.0,0.2463727977186159,-1.1796738882466193,-0.0013240353563683273,-1.3770603596680728,-0.599603043290984,-0.24365796154926908,-0.5348233690070359,-1.0158880202812166,-0.8545776912036905,0.9170235423315033,0.31806005200187926,-0.40948027553866423,-1.1371775106653543,-1.8438726546898008,-0.34409021775777515,-0.5348233690070359,1
0.0,-2.041088462400566,-1.1796738882466193,-0.7573482238426442,0.33229065200686064,-0.599603043290984,-0.24365796154926908,-0.5348233690070359,-1.0158880202812166,1.1701686228100328,-0.6321493649800012,0.31806005200187926,-0.40948027553866423,0.8793701868188611,-0.5919686287351322,-1.6338638348673344,-0.5348233690070359,2
0.0,-0.897357832340975,-1.1796738882466193,0.7547001531299076,-1.3770603596680728,-0.599603043290984,-0.24365796154926908,-0.5348233690070359,0.9843604610311101,-0.8545776912036905,0.9170235423315033,0.31806005200187926,-0.40948027553866423,0.8793701868188611,-0.5919686287351322,-0.34409021775777515,-0.5348233690070359,2
0.0,0.2463727977186159,2.3104493769804257,-0.7573482238426442,0.33229065200686064,1.6677700541868428,-0.24365796154926908,-0.5348233690070359,0.9843604610311101,1.1701686228100328,-0.6321493649800012,0.31806005200187926,-0.40948027553866423,-1.1371775106653543,1.911839423174205,0.5157588603152643,-0.5348233690070359,1
0.0,0.2463727977186159,-0.016299466504270888,-0.7573482238426442,0.33229065200686064,-0.599603043290984,-0.24365796154926908,-0.5348233690070359,0.9843604610311101,-0.8545776912036905,0.9170235423315033,0.31806005200187926,-0.40948027553866423,0.8793701868188611,-0.5919686287351322,-0.34409021775777515,-0.5348233690070359,1
0.0,0.2463727977186159,1.1470749552380775,-0.0013240353563683273,-1.3770603596680728,1.6677700541868428,-0.24365796154926908,-0.5348233690070359,-1.0158880202812166,-0.8545776912036905,0.9170235423315033,0.31806005200187926,-0.40948027553866423,-1.1371775106653543,-0.5919686287351322,0.5157588603152643,-0.5348233690070359,1
0.0,-0.897357832340975,-1.1796738882466193,-0.7573482238426442,0.33229065200686064,-0.599603043290984,-0.24365796154926908,-0.5348233690070359,-1.0158880202812166,1.1701686228100328,0.9170235423315033,0.31806005200187926,-0.40948027553866423,-1.1371775106653543,-0.5919686287351322,-1.2039392958308146,-0.5348233690070359,1
0.0,0.2463727977186159,1.1470749552380775,-0.0013240353563683273,0.33229065200686064,-0.599603043290984,-0.24365796154926908,-0.5348233690070359,0.9843604610311101,1.1701686228100328,-0.6321493649800012,0.31806005200187926,-0.40948027553866423,0.8793701868188611,0.6599353972195364,0.5157588603152643,-0.5348233690070359,1
0.0,-2.041088462400566,-1.1796738882466193,-0.7573482238426442,-1.3770603596680728,-0.599603043290984,-0.24365796154926908,-0.5348233690070359,0.9843604610311101,-0.8545776912036905,-0.6321493649800012,0.31806005200187926,1.6415130343962245,-1.1371775106653543,-0.5919686287351322,-1.6338638348673344,-0.5348233690070359,0
0.0,-0.897357832340975,-0.016299466504270888,-0.7573482238426442,0.33229065200686064,-0.599603043290984,-0.24365796154926908,1.869776187709637,0.9843604610311101,1.1701686228100328,-0.6321493649800012,-1.7225274726393904,-0.40948027553866423,0.8793701868188611,1.911839423174205,-0.7740147567942949,1.869776187709637,2
0.0,0.2463727977186159,2.3104493769804257,0.7547001531299076,0.33229065200686064,-0.599603043290984,-0.24365796154926908,-0.5348233690070359,0.9843604610311101,1.1701686228100328,-0.6321493649800012,0.31806005200187926,-0.40948027553866423,-1.1371775106653543,0.6599353972195364,1.375607938388304,-0.5348233690070359,0
0.0,-0.897357832340975,-0.016299466504270888,-0.0013240353563683273,0.33229065200686064,-0.599603043290984,-0.24365796154926908,-0.5348233690070359,-1.0158880202812166,1.1701686228100328,-0.6321493649800012,0.31806005200187926,-0.40948027553866423,-1.1371775106653543,-0.5919686287351322,-0.34409021775777515,-0.5348233690070359,0
0.0,0.2463727977186159,-0.016299466504270888,-0.0013240353563683273,0.33229065200686064,1.6677700541868428,4.104113789845501,-0.5348233690070359,0.9843604610311101,-0.8545776912036905,-2.1813222722915055,0.31806005200187926,-0.40948027553866423,0.8793701868188611,1.911839423174205,0.08583432127874459,-0.5348233690070359,1
0.0,1.3901034277782067,1.1470749552380775,-0.0013240353563683273,0.33229065200686064,-0.599603043290984,-0.24365796154926908,1.869776187709637,0.9843604610311101,1.1701686228100328,-0.6321493649800012,-1.7225274726393904,-0.40948027553866423,-1.1371775106653543,1.911839423174205,0.9456833993517841,1.869776187709637,1
0.0,-0.897357832340975,-1.1796738882466193,-1.51337241232892,-1.3770603596680728,-0.599603043290984,-0.24365796154926908,-0.5348233690070359,0.9843604610311101,1.1701686228100328,0.9170235423315033,0.31806005200187926,-0.40948027553866423,-1.1371775106653543,0.6599353972195364,-1.6338638348673344,-0.5348233690070359,2
0.0,0.2463727977186159,1.1470749552380775,2.2667485301024595,0.33229065200686064,-0.599603043290984,-0.24365796154926908,-0.5348233690070359,-1.0158880202812166,1.1701686228100328,-0.6321493649800012,0.31806005200187926,-0.40948027553866423,0.8793701868188611,-0.5919686287351322,1.8055324774248236,-0.5348233690070359,2
0.0,1.3901034277782067,-0.016299466504270888,-0.0013240353563683273,0.33229065200686064,-0.599603043290984,-0.24365796154926908,-0.5348233690070359,0.9843604610311101,1.1701686228100328,0.9170235423315033,0.31806005200187926,-0.40948027553866423,0.8793701868188611,0.6599353972195364,0.5157588603152643,-0.5348233690070359,2
0.0,0.2463727977186159,-1.1796738882466193,-0.7573482238426442,0.33229065200686064,-0.599603043290984,-0.24365796154926908,1.869776187709637,-1.0158880202812166,-0.8545776912036905,-2.1813222722915055,-3.76311499728066,-0.40948027553866423,0.8793701868188611,-0.5919686287351322,-0.7740147567942949,1.869776187709637,1
0.0,1.3901034277782067,2.3104493769804257,1.5107243416161835,0.33229065200686064,1.6677700541868428,-0.24365796154926908,1.869776187709637,0.9843604610311101,-0.8545776912036905,0.9170235423315033,0.31806005200187926,-0.40948027553866423,0.8793701868188611,1.911839423174205,2.235457016461343,1.869776187709637,1
0.0,-0.897357832340975,-1.1796738882466193,-1.51337241232892,-1.3770603596680728,-0.599603043290984,-0.24365796154926908,-0.5348233690070359,-1.0158880202812166,1.1701686228100328,0.9170235423315033,0.31806005200187926,-0.40948027553866423,-1.1371775106653543,-0.5919686287351322,-1.6338638348673344,-0.5348233690070359,1
0.0,1.3901034277782067,-0.016299466504270888,2.2667485301024595,2.0416416636817942,-0.599603043290984,-0.24365796154926908,-0.5348233690070359,-1.0158880202812166,1.1701686228100328,0.9170235423315033,0.31806005200187926,0.6160163794287802,-1.1371775106653543,-0.5919686287351322,1.8055324774248236,-0.5348233690070359,1
0.0,-0.897357832340975,-1.1796738882466193,0.7547001531299076,-3.086411371343006,1.6677700541868428,-0.24365796154926908,1.869776187709637,-1.0158880202812166,-0.8545776912036905,-0.6321493649800012,0.31806005200187926,-0.40948027553866423,-1.1371775106653543,0.6599353972195364,-0.34409021775777515,1.869776187709637,0
0.0,-0.897357832340975,-1.1796738882466193,-0.7573482238426442,-1.3770603596680728,-0.599603043290984,-0.24365796154926908,-0.5348233690070359,-1.0158880202812166,1.1701686228100328,0.9170235423315033,0.31806005200187926,-0.40948027553866423,0.8793701868188611,-0.5919686287351322,-1.2039392958308146,-0.5348233690070359,1
0.0,-0.897357832340975,-1.1796738882466193,-0.7573482238426442,0.33229065200686064,-0.599603043290984,-0.24365796154926908,-0.5348233690070359,0.9843604610311101,1.1701686228100328,0.9170235423315033,0.31806005200187926,-0.40948027553866423,-1.1371775106653543,0.6599353972195364,-1.2039392958308146,-0.5348233690070359,1
0.0,0.2463727977186159,-0.016299466504270888,-0.0013240353563683273,0.33229065200686064,-0.599603043290984,-0.24365796154926908,-0.5348233690070359,0.9843604610311101,1.1701686228100328,0.9170235423315033,0.31806005200187926,-0.40948027553866423,0.8793701868188611,0.6599353972195364,0.08583432127874459,-0.5348233690070359,2
0.0,1.3901034277782067,-0.016299466504270888,-0.0013240353563683273,0.33229065200686064,1.6677700541868428,-0.24365796154926908,-0.5348233690070359,0.9843604610311101,-0.8545776912036905,0.9170235423315033,0.31806005200187926,-0.40948027553866423,-1.1371775106653543,0.6599353972195364,0.5157588603152643,-0.5348233690070359,1
0.0,-0.897357832340975,-0.016299466504270888,-0.0013240353563683273,0.33229065200686064,-0.599603043290984,-0.24365796154926908,-0.5348233690070359,0.9843604610311101,1.1701686228100328,-0.6321493649800012,0.31806005200187926,-0.40948027553866423,-1.1371775106653543,0.6599353972195364,-0.34409021775777515,-0.5348233690070359,2
0.0,0.2463727977186159,-0.016299466504270888,-1.51337241232892,0.33229065200686064,-0.599603043290984,-0.24365796154926908,1.869776187709637,0.9843604610311101,-0.8545776912036905,-0.6321493649800012,-1.7225274726393904,-0.40948027553866423,0.8793701868188611,0.6599353972195364,-0.7740147567942949,1.869776187709637,1
0.0,0.2463727977186159,-0.016299466504270888,-0.7573482238426442,0.33229065200686064,1.6677700541868428,-0.24365796154926908,-0.5348233690070359,0.9843604610311101,-0.8545776912036905,0.9170235423315033,0.31806005200187926,-0.40948027553866423,-1.1371775106653543,0.6599353972195364,-0.34409021775777515,-0.5348233690070359,0
0.0,-0.897357832340975,-0.016299466504270888,2.2667485301024595,-3.086411371343006,-0.599603043290984,-0.24365796154926908,-0.5348233690070359,-1.0158880202812166,1.1701686228100328,0.9170235423315033,0.31806005200187926,-0.40948027553866423,-1.1371775106653543,-0.5919686287351322,0.9456833993517841,-0.5348233690070359,1
0.0,1.3901034277782067,-0.016299466504270888,-0.7573482238426442,0.33229065200686064,1.6677700541868428,-0.24365796154926908,-0.5348233690070359,-1.0158880202812166,-0.8545776912036905,-0.6321493649800012,0.31806005200187926,-0.40948027553866423,-1.1371775106653543,-0.5919686287351322,0.08583432127874459,-0.5348233690070359,1
0.0,0.2463727977186159,-1.1796738882466193,2.2667485301024595,0.33229065200686064,-0.599603043290984,-0.24365796154926908,1.869776187709637,0.9843604610311101,1.1701686228100328,-0.6321493649800012,0.31806005200187926,-0.40948027553866423,-1.1371775106653543,1.911839423174205,0.9456833993517841,1.869776187709637,1
0.0,0.2463727977186159,-0.016299466504270888,-0.7573482238426442,0.33229065200686064,1.6677700541868428,-0.24365796154926908,-0.5348233690070359,-1.0158880202812166,-0.8545776912036905,-0.6321493649800012,-3.76311499728066,-0.40948027553866423,0.8793701868188611,-0.5919686287351322,-0.34409021775777515,-0.5348233690070359,1
0.0,-0.897357832340975,-1.1796738882466193,0.7547001531299076,-3.086411371343006,-0.599603043290984,-0.24365796154926908,1.869776187709637,-1.0158880202812166,1.1701686228100328,0.9170235423315033,0.31806005200187926,-0.40948027553866423,-1.1371775106653543,0.6599353972195364,-0.34409021775777515,1.869776187709637,1
0.0,1.3901034277782067,1.1470749552380775,-0.7573482238426442,0.33229065200686064,-0.599603043290984,-0.24365796154926908,-0.5348233690070359,0.9843604610311101,-0.8545776912036905,0.9170235423315033,0.31806005200187926,-0.40948027553866423,0.8793701868188611,-0.5919686287351322,0.5157588603152643,-0.5348233690070359,0
0.0,0.2463727977186159,1.1470749552380775,0.7547001531299076,0.33229065200686064,-0.599603043290984,-0.24365796154926908,-0.5348233690070359,-1.0158880202812166,1.1701686228100328,0.9170235423315033,0.31806005200187926,0.6160163794287802,0.8793701868188611,-0.5919686287351322,0.9456833993517841,-0.5348233690070359,1
0.0,0.2463727977186159,-1.1796738882466193,-0.0013240353563683273,-3.086411371343006,-0.599603043290984,-0.24365796154926908,1.869776187709637,0.9843604610311101,-0.8545776912036905,0.9170235423315033,0.31806005200187926,0.6160163794287802,-1.1371775106653543,0.6599353972195364,-0.34409021775777515,1.869776187709637,0
0.0,-0.897357832340975,-0.016299466504270888,-0.0013240353563683273,0.33229065200686064,1.6677700541868428,-0.24365796154926908,-0.5348233690070359,0.9843604610311101,-0.8545776912036905,0.9170235423315033,0.31806005200187926,-0.40948027553866423,0.8793701868188611,0.6599353972195364,-0.34409021775777515,-0.5348233690070359,2
0.0,-0.897357832340975,-1.1796738882466193,-0.7573482238426442,0.33229065200686064,-0.599603043290984,-0.24365796154926908,-0.5348233690070359,-1.0158880202812166,-0.8545776912036905,-2.1813222722915055,0.31806005200187926,-0.40948027553866423,-1.1371775106653543,-1.8438726546898008,-1.2039392958308146,-0.5348233690070359,2
0.0,1.3901034277782067,1.1470749552380775,-0.0013240353563683273,-1.3770603596680728,-0.599603043290984,-0.24365796154926908,-0.5348233690070359,0.9843604610311101,-0.8545776912036905,0.9170235423315033,-1.7225274726393904,-0.40948027553866423,0.8793701868188611,-0.5919686287351322,0.9456833993517841,-0.5348233690070359,1
0.0,0.2463727977186159,-1.1796738882466193,0.7547001531299076,0.33229065200686064,-0.599603043290984,-0.24365796154926908,-0.5348233690070359,0.9843604610311101,-0.8545776912036905,-0.6321493649800012,0.31806005200187926,-0.40948027553866423,-1.1371775106653543,-0.5919686287351322,0.08583432127874459,-0.5348233690070359,2
0.0,1.3901034277782067,1.1470749552380775,0.7547001531299076,0.33229065200686064,-0.599603043290984,-0.24365796154926908,-0.5348233690070359,-1.0158880202812166,1.1701686228100328,-0.6321493649800012,0.31806005200187926,0.6160163794287802,0.8793701868188611,-0.5919686287351322,1.375607938388304,-0.5348233690070359,0
0.0,-0.897357832340975,-0.016299466504270888,0.7547001531299076,-1.3770603596680728,1.6677700541868428,4.104113789845501,1.869776187709637,-1.0158880202812166,-0.8545776912036905,-0.6321493649800012,0.31806005200187926,-0.40948027553866423,-1.1371775106653543,1.911839423174205,0.08583432127874459,1.869776187709637,1
0.0,1.3901034277782067,-1.1796738882466193,-0.7573482238426442,0.33229065200686064,-0.599603043290984,-0.24365796154926908,1.869776187709637,0.9843604610311101,-0.8545776912036905,-0.6321493649800012,0.31806005200187926,-0.40948027553866423,0.8793701868188611,0.6599353972195364,-0.34409021775777515,1.869776187709637,1
0.0,0.2463727977186159,-1.1796738882466193,1.5107243416161835,-3.086411371343006,-0.599603043290984,-0.24365796154926908,-0.5348233690070359,0.9843604610311101,-0.8545776912036905,0.9170235423315033,0.31806005200187926,-0.40948027553866423,-1.1371775106653543,-0.5919686287351322,0.5157588603152643,-0.5348233690070359,1
0.0,1.3901034277782067,1.1470749552380775,-0.0013240353563683273,0.33229065200686064,1.6677700541868428,-0.24365796154926908,-0.5348233690070359,-1.0158880202812166,1.1701686228100328,-2.1813222722915055,0.31806005200187926,-0.40948027553866423,0.8793701868188611,0.6599353972195364,0.9456833993517841,-0.5348233690070359,2
0.0,2.533834057837798,1.1470749552380775,1.5107243416161835,2.0416416636817942,1.6677700541868428,-0.24365796154926908,1.869776187709637,0.9843604610311101,-0.8545776912036905,-2.1813222722915055,-1.7225274726393904,2.6670096893636686,0.8793701868188611,1.911839423174205,2.235457016461343,1.869776187709637,2
0.0,-0.897357832340975,-1.1796738882466193,-0.7573482238426442,0.33229065200686064,-0.599603043290984,-0.24365796154926908,-0.5348233690070359,0.9843604610311101,1.1701686228100328,0.9170235423315033,0.31806005200187926,-0.40948027553866423,-1.1371775106653543,0.6599353972195364,-1.2039392958308146,-0.5348233690070359,2
0.0,1.3901034277782067,-1.1796738882466193,1.5107243416161835,0.33229065200686064,1.6677700541868428,-0.24365796154926908,1.869776187709637,-1.0158880202812166,-0.8545776912036905,-2.1813222722915055,0.31806005200187926,-0.40948027553866423,-1.1371775106653543,0.6599353972195364,0.9456833993517841,1.869776187709637,1
0.0,0.2463727977186159,2.3104493769804257,0.7547001531299076,0.33229065200686064,1.6677700541868428,-0.24365796154926908,-0.5348233690070359,-1.0158880202812166,1.1701686228100328,0.9170235423315033,0.31806005200187926,3.692506344331113,-1.1371775106653543,0.6599353972195364,1.375607938388304,-0.5348233690070359,2
0.0,-0.897357832340975,-0.016299466504270888,-0.7573482238426442,0.33229065200686064,-0.599603043290984,-0.24365796154926908,-0.5348233690070359,0.9843604610311101,-0.8545776912036905,0.9170235423315033,0.31806005200187926,-0.40948027553866423,-1.1371775106653543,-0.5919686287351322,-0.7740147567942949,-0.5348233690070359,1
0.0,-2.041088462400566,-0.016299466504270888,-1.51337241232892,0.33229065200686064,-0.599603043290984,-0.24365796154926908,-0.5348233690070359,-1.0158880202812166,1.1701686228100328,-0.6321493649800012,0.31806005200187926,-0.40948027553866423,-1.1371775106653543,-0.5919686287351322,-1.6338638348673344,-0.5348233690070359,1
0.0,0.2463727977186159,-1.1796738882466193,-0.0013240353563683273,0.33229065200686064,-0.599603043290984,-0.24365796154926908,-0.5348233690070359,0.9843604610311101,-0.8545776912036905,0.9170235423315033,0.31806005200187926,-0.40948027553866423,-1.1371775106653543,-0.5919686287351322,-0.34409021775777515,-0.5348233690070359,0
0.0,0.2463727977186159,1.1470749552380775,-0.0013240353563683273,0.33229065200686064,-0.599603043290984,-0.24365796154926908,-0.5348233690070359,0.9843604610311101,-0.8545776912036905,-0.6321493649800012,0.31806005200187926,-0.40948027553866423,0.8793701868188611,-0.5919686287351322,0.5157588603152643,-0.5348233690070359,0
0.0,0.2463727977186159,-1.1796738882466193,-1.51337241232892,0.33229065200686064,-0.599603043290984,-0.24365796154926908,-0.5348233690070359,-1.0158880202812166,1.1701686228100328,0.9170235423315033,0.31806005200187926,-0.40948027553866423,-1.1371775106653543,-0.5919686287351322,-1.2039392958308146,-0.5348233690070359,2
0.0,-0.897357832340975,-0.016299466504270888,0.7547001531299076,0.33229065200686064,1.6677700541868428,-0.24365796154926908,-0.5348233690070359,0.9843604610311101,-0.8545776912036905,0.9170235423315033,0.31806005200187926,-0.40948027553866423,0.8793701868188611,0.6599353972195364,0.08583432127874459,-0.5348233690070359,1
0.0,0.2463727977186159,-0.016299466504270888,-0.7573482238426442,0.33229065200686064,-0.599603043290984,-0.24365796154926908,1.869776187709637,-1.0158880202812166,-0.8545776912036905,-0.6321493649800012,0.31806005200187926,-0.40948027553866423,0.8793701868188611,-0.5919686287351322,-0.34409021775777515,1.869776187709637,2
0.0,0.2463727977186159,1.1470749552380775,0.7547001531299076,0.33229065200686064,1.6677700541868428,-0.24365796154926908,1.869776187709637,0.9843604610311101,-0.8545776912036905,0.9170235423315033,0.31806005200187926,-0.40948027553866423,0.8793701868188611,1.911839423174205,0.9456833993517841,1.869776187709637,2
0.0,-0.897357832340975,-1.1796738882466193,-0.7573482238426442,0.33229065200686064,1.6677700541868428,-0.24365796154926908,-0.5348233690070359,-1.0158880202812166,-0.8545776912036905,-0.6321493649800012,0.31806005200187926,-0.40948027553866423,0.8793701868188611,-0.5919686287351322,-1.2039392958308146,-0.5348233690070359,1
0.0,2.533834057837798,-0.016299466504270888,2.2667485301024595,0.33229065200686064,-0.599603043290984,-0.24365796154926908,-0.5348233690070359,-1.0158880202812166,1.1701686228100328,0.9170235423315033,0.31806005200187926,-0.40948027553866423,-1.1371775106653543,-0.5919686287351322,2.235457016461343,-0.5348233690070359,1
0.0,1.3901034277782067,1.1470749552380775,-0.0013240353563683273,0.33229065200686064,-0.599603043290984,-0.24365796154926908,1.869776187709637,-1.0158880202812166,1.1701686228100328,-0.6321493649800012,0.31806005200187926,-0.40948027553866423,0.8793701868188611,0.6599353972195364,0.9456833993517841,1.869776187709637,1
0.0,-0.897357832340975,-1.1796738882466193,-0.0013240353563683273,0.33229065200686064,-0.599603043290984,-0.24365796154926908,-0.5348233690070359,-1.0158880202812166,1.1701686228100328,0.9170235423315033,0.31806005200187926,-0.40948027553866423,0.8793701868188611,-0.5919686287351322,-0.7740147567942949,-0.5348233690070359,1
0.0,-0.897357832340975,-0.016299466504270888,0.7547001531299076,0.33229065200686064,-0.599603043290984,-0.24365796154926908,-0.5348233690070359,0.9843604610311101,-0.8545776912036905,0.9170235423315033,0.31806005200187926,-0.40948027553866423,0.8793701868188611,-0.5919686287351322,0.08583432127874459,-0.5348233690070359,0
0.0,0.2463727977186159,-1.1796738882466193,0.7547001531299076,0.33229065200686064,-0.599603043290984,-0.24365796154926908,1.869776187709637,0.9843604610311101,-0.8545776912036905,-0.6321493649800012,-3.76311499728066,-0.40948027553866423,0.8793701868188611,0.6599353972195364,0.08583432127874459,1.869776187709637,1
0.0,-0.897357832340975,-0.016299466504270888,-0.7573482238426442,0.33229065200686064,-0.599603043290984,-0.24365796154926908,-0.5348233690070359,-1.0158880202812166,1.1701686228100328,0.9170235423315033,0.31806005200187926,-0.40948027553866423,-1.1371775106653543,-0.5919686287351322,-0.7740147567942949,-0.5348233690070359,0
0.0,0.2463727977186159,-1.1796738882466193,-0.0013240353563683273,0.33229065200686064,-0.599603043290984,-0.24365796154926908,-0.5348233690070359,-1.0158880202812166,1.1701686228100328,-0.6321493649800012,0.31806005200187926,-0.40948027553866423,0.8793701868188611,-0.5919686287351322,-0.34409021775777515,-0.5348233690070359,0
0.0,-0.897357832340975,-0.016299466504270888,-0.7573482238426442,0.33229065200686064,-0.599603043290984,-0.24365796154926908,-0.5348233690070359,-1.0158880202812166,1.1701686228100328,-0.6321493649800012,0.31806005200187926,-0.40948027553866423,0.8793701868188611,-0.5919686287351322,-0.7740147567942949,-0.5348233690070359,1
0.0,0.2463727977186159,-0.016299466504270888,-0.0013240353563683273,-1.3770603596680728,-0.599603043290984,-0.24365796154926908,-0.5348233690070359,-1.0158880202812166,-0.8545776912036905,0.9170235423315033,0.31806005200187926,-0.40948027553866423,-1.1371775106653543,-1.8438726546898008,0.08583432127874459,-0.5348233690070359,2
0.0,0.2463727977186159,-0.016299466504270888,-0.7573482238426442,-1.3770603596680728,-0.599603043290984,-0.24365796154926908,-0.5348233690070359,0.9843604610311101,-0.8545776912036905,0.9170235423315033,0.31806005200187926,-0.40948027553866423,0.8793701868188611,-0.5919686287351322,-0.34409021775777515,-0.5348233690070359,1
0.0,-0.897357832340975,-0.016299466504270888,-1.51337241232892,-1.3770603596680728,-0.599603043290984,-0.24365796154926908,-0.5348233690070359,-1.0158880202812166,1.1701686228100328,0.9170235423315033,0.31806005200187926,-0.40948027553866423,0.8793701868188611,-0.5919686287351322,-1.2039392958308146,-0.5348233690070359,1
0.0,-0.897357832340975,1.1470749552380775,-1.51337241232892,0.33229065200686064,1.6677700541868428,-0.24365796154926908,-0.5348233690070359,-1.0158880202812166,-0.8545776912036905,0.9170235423315033,-1.7225274726393904,-0.40948027553866423,-1.1371775106653543,-0.5919686287351322,-0.7740147567942949,-0.5348233690070359,1
0.0,0.2463727977186159,1.1470749552380775,-0.7573482238426442,0.33229065200686064,-0.599603043290984,-0.24365796154926908,-0.5348233690070359,0.9843604610311101,-0.8545776912036905,0.9170235423315033,0.31806005200187926,-0.40948027553866423,-1.1371775106653543,-0.5919686287351322,0.08583432127874459,-0.5348233690070359,2
0.0,-0.897357832340975,-0.016299466504270888,-0.7573482238426442,0.33229065200686064,-0.599603043290984,-0.24365796154926908,-0.5348233690070359,0.9843604610311101,1.1701686228100328,0.9170235423315033,0.31806005200187926,-0.40948027553866423,0.8793701868188611,0.6599353972195364,-0.7740147567942949,-0.5348233690070359,1
0.0,-0.897357832340975,-1.1796738882466193,-1.51337241232892,0.33229065200686064,-0.599603043290984,-0.24365796154926908,-0.5348233690070359,-1.0158880202812166,-0.8545776912036905,0.9170235423315033,0.31806005200187926,-0.40948027553866423,-1.1371775106653543,-1.8438726546898008,-1.6338638348673344,-0.5348233690070359,1
0.0,0.2463727977186159,-0.016299466504270888,1.5107243416161835,0.33229065200686064,-0.599603043290984,-0.24365796154926908,1.869776187709637,-1.0158880202812166,-0.8545776912036905,0.9170235423315033,0.31806005200187926,-0.40948027553866423,-1.1371775106653543,-0.5919686287351322,0.9456833993517841,1.869776187709637,0
0.0,0.2463727977186159,1.1470749552380775,-0.7573482238426442,0.33229065200686064,-0.599603043290984,-0.24365796154926908,-0.5348233690070359,-1.0158880202812166,1.1701686228100328,-0.6321493649800012,0.31806005200187926,-0.40948027553866423,-1.1371775106653543,-0.5919686287351322,0.08583432127874459,-0.5348233690070359,1
0.0,-0.897357832340975,-0.016299466504270888,-0.7573482238426442,0.33229065200686064,1.6677700541868428,-0.24365796154926908,-0.5348233690070359,0.9843604610311101,-0.8545776912036905,-0.6321493649800012,0.31806005200187926,2.6670096893636686,0.8793701868188611,0.6599353972195364,-0.7740147567942949,-0.5348233690070359,0
0.0,-0.897357832340975,-1.1796738882466193,-0.7573482238426442,0.33229065200686064,-0.599603043290984,-0.24365796154926908,-0.5348233690070359,-1.0158880202812166,1.1701686228100328,-0.6321493649800012,0.31806005200187926,-0.40948027553866423,0.8793701868188611,-0.5919686287351322,-1.2039392958308146,-0.5348233690070359,1
0.0,0.2463727977186159,1.1470749552380775,0.7547001531299076,-3.086411371343006,1.6677700541868428,-0.24365796154926908,-0.5348233690070359,-1.0158880202812166,-0.8545776912036905,0.9170235423315033,0.31806005200187926,-0.40948027553866423,-1.1371775106653543,-0.5919686287351322,0.9456833993517841,-0.5348233690070359,2
0.0,1.3901034277782067,-1.1796738882466193,-1.51337241232892,0.33229065200686064,1.6677700541868428,-0.24365796154926908,-0.5348233690070359,0.9843604610311101,-0.8545776912036905,-0.6321493649800012,0.31806005200187926,-0.40948027553866423,0.8793701868188611,0.6599353972195364,-0.7740147567942949,-0.5348233690070359,1
0.0,0.2463727977186159,-0.016299466504270888,-0.0013240353563683273,0.33229065200686064,-0.599603043290984,-0.24365796154926908,-0.5348233690070359,-1.0158880202812166,1.1701686228100328,0.9170235423315033,0.31806005200187926,-0.40948027553866423,0.8793701868188611,-0.5919686287351322,0.08583432127874459,-0.5348233690070359,1
0.0,0.2463727977186159,-1.1796738882466193,1.5107243416161835,0.33229065200686064,-0.599603043290984,-0.24365796154926908,-0.5348233690070359,0.9843604610311101,-0.8545776912036905,-0.6321493649800012,0.31806005200187926,-0.40948027553866423,0.8793701868188611,-0.5919686287351322,0.5157588603152643,-0.5348233690070359,2
0.0,1.3901034277782067,-1.1796738882466193,0.7547001531299076,0.33229065200686064,-0.599603043290984,-0.24365796154926908,1.869776187709637,-1.0158880202812166,-0.8545776912036905,-2.1813222722915055,-3.76311499728066,-0.40948027553866423,-1.1371775106653543,-0.5919686287351322,0.5157588603152643,1.869776187709637,1
0.0,0.2463727977186159,-1.1796738882466193,-1.51337241232892,0.33229065200686064,-0.599603043290984,-0.24365796154926908,-0.5348233690070359,-1.0158880202812166,1.1701686228100328,0.9170235423315033,0.31806005200187926,-0.40948027553866423,0.8793701868188611,-0.5919686287351322,-1.2039392958308146,-0.5348233690070359,1
0.0,-0.897357832340975,1.1470749552380775,-0.7573482238426442,0.33229065200686064,1.6677700541868428,-0.24365796154926908,-0.5348233690070359,0.9843604610311101,-0.8545776912036905,-0.6321493649800012,-1.7225274726393904,-0.40948027553866423,0.8793701868188611,0.6599353972195364,-0.34409021775777515,-0.5348233690070359,1
0.0,-2.041088462400566,-1.1796738882466193,-0.7573482238426442,-3.086411371343006,1.6677700541868428,-0.24365796154926908,-0.5348233690070359,0.9843604610311101,-0.8545776912036905,0.9170235423315033,0.31806005200187926,-0.40948027553866423,-1.1371775106653543,0.6599353972195364,-1.6338638348673344,-0.5348233690070359,2
0.0,0.2463727977186159,1.1470749552380775,-0.0013240353563683273,0.33229065200686064,-0.599603043290984,-0.24365796154926908,-0.5348233690070359,-1.0158880202812166,1.1701686228100328,-2.1813222722915055,-1.7225274726393904,-0.40948027553866423,0.8793701868188611,-0.5919686287351322,0.5157588603152643,-0.5348233690070359,2
0.0,0.2463727977186159,-0.016299466504270888,-0.7573482238426442,0.33229065200686064,-0.599603043290984,-0.24365796154926908,1.869776187709637,-1.0158880202812166,1.1701686228100328,-0.6321493649800012,0.31806005200187926,-0.40948027553866423,0.8793701868188611,0.6599353972195364,-0.34409021775777515,1.869776187709637,0
0.0,1.3901034277782067,-1.1796738882466193,2.2667485301024595,0.33229065200686064,-0.599603043290984,-0.24365796154926908,-0.5348233690070359,-1.0158880202812166,1.1701686228100328,-0.6321493649800012,0.31806005200187926,-0.40948027553866423,0.8793701868188611,-0.5919686287351322,1.375607938388304,-0.5348233690070359,0
0.0,0.2463727977186159,1.1470749552380775,-0.0013240353563683273,0.33229065200686064,-0.599603043290984,-0.24365796154926908,-0.5348233690070359,0.9843604610311101,-0.8545776912036905,0.9170235423315033,0.31806005200187926,2.6670096893636686,-1.1371775106653543,-0.5919686287351322,0.5157588603152643,-0.5348233690070359,0
0.0,1.3901034277782067,-0.016299466504270888,-0.7573482238426442,0.33229065200686064,1.6677700541868428,4.104113789845501,1.869776187709637,0.9843604610311101,-0.8545776912036905,-0.6321493649800012,0.31806005200187926,-0.40948027553866423,-1.1371775106653543,3.163743449128874,0.08583432127874459,1.869776187709637,2
0.0,-0.897357832340975,-0.016299466504270888,-0.7573482238426442,2.0416416636817942,1.6677700541868428,-0.24365796154926908,-0.5348233690070359,0.9843604610311101,-0.8545776912036905,0.9170235423315033,0.31806005200187926,1.6415130343962245,0.8793701868188611,0.6599353972195364,-0.7740147567942949,-0.5348233690070359,2
0.0,-2.041088462400566,-1.1796738882466193,-1.51337241232892,-1.3770603596680728,1.6677700541868428,-0.24365796154926908,-0.5348233690070359,-1.0158880202812166,-0.8545776912036905,0.9170235423315033,0.31806005200187926,-0.40948027553866423,0.8793701868188611,-0.5919686287351322,-2.0637883739038543,-0.5348233690070359,1
0.0,1.3901034277782067,-0.016299466504270888,2.2667485301024595,0.33229065200686064,-0.599603043290984,-0.24365796154926908,-0.5348233690070359,0.9843604610311101,1.1701686228100328,0.9170235423315033,-3.76311499728066,0.6160163794287802,0.8793701868188611,0.6599353972195364,1.8055324774248236,-0.5348233690070359,1
0.0,0.2463727977186159,-1.1796738882466193,1.5107243416161835,2.0416416636817942,1.6677700541868428,-0.24365796154926908,1.869776187709637,-1.0158880202812166,-0.8545776912036905,-2.1813222722915055,0.31806005200187926,0.6160163794287802,0.8793701868188611,0.6599353972195364,0.5157588603152643,1.869776187709637,2
0.0,-0.897357832340975,-1.1796738882466193,-0.7573482238426442,0.33229065200686064,1.6677700541868428,-0.24365796154926908,-0.5348233690070359,0.9843604610311101,-0.8545776912036905,-0.6321493649800012,0.31806005200187926,-0.40948027553866423,0.8793701868188611,0.6599353972195364,-1.2039392958308146,-0.5348233690070359,1
0.0,1.3901034277782067,-0.016299466504270888,-0.0013240353563683273,0.33229065200686064,-0.599603043290984,-0.24365796154926908,-0.5348233690070359,-1.0158880202812166,1.1701686228100328,0.9170235423315033,0.31806005200187926,-0.40948027553866423,-1.1371775106653543,-0.5919686287351322,0.5157588603152643,-0.5348233690070359,1
0.0,0.2463727977186159,1.1470749552380775,-0.0013240353563683273,0.33229065200686064,-0.599603043290984,-0.24365796154926908,1.869776187709637,-1.0158880202812166,-0.8545776912036905,0.9170235423315033,0.31806005200187926,-0.40948027553866423,-1.1371775106653543,-0.5919686287351322,0.5157588603152643,1.869776187709637,1
0.0,-0.897357832340975,-1.1796738882466193,-1.51337241232892,0.33229065200686064,-0.599603043290984,-0.24365796154926908,-0.5348233690070359,-1.0158880202812166,1.1701686228100328,-2.1813222722915055,0.31806005200187926,-0.40948027553866423,0.8793701868188611,-0.5919686287351322,-1.6338638348673344,-0.5348233690070359,2
0.0,0.2463727977186159,1.1470749552380775,0.7547001531299076,0.33229065200686064,-0.599603043290984,-0.24365796154926908,-0.5348233690070359,-1.0158880202812166,1.1701686228100328,-0.6321493649800012,0.31806005200187926,-0.40948027553866423,0.8793701868188611,-0.5919686287351322,0.9456833993517841,-0.5348233690070359,1
0.0,1.3901034277782067,1.1470749552380775,1.5107243416161835,0.33229065200686064,-0.599603043290984,-0.24365796154926908,-0.5348233690070359,-1.0158880202812166,-0.8545776912036905,-0.6321493649800012,0.31806005200187926,-0.40948027553866423,0.8793701868188611,-1.8438726546898008,1.8055324774248236,-0.5348233690070359,2
0.0,0.2463727977186159,1.1470749552380775,2.2667485301024595,0.33229065200686064,-0.599603043290984,-0.24365796154926908,-0.5348233690070359,0.9843604610311101,-0.8545776912036905,0.9170235423315033,0.31806005200187926,-0.40948027553866423,0.8793701868188611,-0.5919686287351322,1.8055324774248236,-0.5348233690070359,0
0.0,0.2463727977186159,-0.016299466504270888,-0.7573482238426442,0.33229065200686064,1.6677700541868428,-0.24365796154926908,-0.5348233690070359,0.9843604610311101,-0.8545776912036905,-0.6321493649800012,0.31806005200187926,-0.40948027553866423,0.8793701868188611,0.6599353972195364,-0.34409021775777515,-0.5348233690070359,0
0.0,0.2463727977186159,-0.016299466504270888,-0.7573482238426442,0.33229065200686064,-0.599603043290984,-0.24365796154926908,-0.5348233690070359,0.9843604610311101,-0.8545776912036905,0.9170235423315033,0.31806005200187926,-0.40948027553866423,-1.1371775106653543,-0.5919686287351322,-0.34409021775777515,-0.5348233690070359,1
0.0,-0.897357832340975,1.1470749552380775,-0.7573482238426442,0.33229065200686064,1.6677700541868428,-0.24365796154926908,-0.5348233690070359,-1.0158880202812166,-0.8545776912036905,-0.6321493649800012,0.31806005200187926,-0.40948027553866423,0.8793701868188611,-0.5919686287351322,-0.34409021775777515,-0.5348233690070359,1
0.0,0.2463727977186159,-0.016299466504270888,0.7547001531299076,0.33229065200686064,-0.599603043290984,-0.24365796154926908,-0.5348233690070359,0.9843604610311101,-0.8545776912036905,-0.6321493649800012,0.31806005200187926,-0.40948027553866423,0.8793701868188611,-0.5919686287351322,0.5157588603152643,-0.5348233690070359,0
0.0,0.2463727977186159,1.1470749552380775,-1.51337241232892,0.33229065200686064,1.6677700541868428,4.104113789845501,1.869776187709637,-1.0158880202812166,1.1701686228100328,-2.1813222722915055,-3.76311499728066,-0.40948027553866423,-1.1371775106653543,3.163743449128874,-0.34409021775777515,1.869776187709637,2
0.0,0.2463727977186159,-0.016299466504270888,-0.0013240353563683273,-1.3770603596680728,-0.599603043290984,-0.24365796154926908,-0.5348233690070359,-1.0158880202812166,1.1701686228100328,0.9170235423315033,0.31806005200187926,0.6160163794287802,0.8793701868188611,-0.5919686287351322,0.08583432127874459,-0.5348233690070359,0
0.0,-2.041088462400566,-0.016299466504270888,-0.7573482238426442,0.33229065200686064,-0.599603043290984,-0.24365796154926908,-0.5348233690070359,0.9843604610311101,-0.8545776912036905,0.9170235423315033,0.31806005200187926,-0.40948027553866423,0.8793701868188611,-0.5919686287351322,-1.2039392958308146,-0.5348233690070359,1
0.0,2.533834057837798,-0.016299466504270888,0.7547001531299076,0.33229065200686064,-0.599603043290984,-0.24365796154926908,1.869776187709637,0.9843604610311101,-0.8545776912036905,-0.6321493649800012,0.31806005200187926,-0.40948027553866423,0.8793701868188611,0.6599353972195364,1.375607938388304,1.869776187709637,2
0.0,-2.041088462400566,-1.1796738882466193,0.7547001531299076,0.33229065200686064,-0.599603043290984,-0.24365796154926908,1.869776187709637,0.9843604610311101,1.1701686228100328,0.9170235423315033,0.31806005200187926,0.6160163794287802,0.8793701868188611,1.911839423174205,-0.7740147567942949,1.869776187709637,0
0.0,-0.897357832340975,-0.016299466504270888,-0.7573482238426442,0.33229065200686064,1.6677700541868428,-0.24365796154926908,-0.5348233690070359,0.9843604610311101,-0.8545776912036905,-2.1813222722915055,0.31806005200187926,-0.40948027553866423,0.8793701868188611,0.6599353972195364,-0.7740147567942949,-0.5348233690070359,1
0.0,-0.897357832340975,-1.1796738882466193,-0.7573482238426442,-1.3770603596680728,-0.599603043290984,-0.24365796154926908,-0.5348233690070359,-1.0158880202812166,1.1701686228100328,-0.6321493649800012,0.31806005200187926,-0.40948027553866423,-1.1371775106653543,-0.5919686287351322,-1.2039392958308146,-0.5348233690070359,2
0.0,-0.897357832340975,-0.016299466504270888,2.2667485301024595,0.33229065200686064,-0.599603043290984,-0.24365796154926908,-0.5348233690070359,0.9843604610311101,1.1701686228100328,0.9170235423315033,0.31806005200187926,-0.40948027553866423,-1.1371775106653543,0.6599353972195364,0.9456833993517841,-0.5348233690070359,0
0.0,-0.897357832340975,-0.016299466504270888,-0.7573482238426442,0.33229065200686064,-0.599603043290984,-0.24365796154926908,-0.5348233690070359,0.9843604610311101,-0.8545776912036905,0.9170235423315033,0.31806005200187926,-0.40948027553866423,-1.1371775106653543,-0.5919686287351322,-0.7740147567942949,-0.5348233690070359,1
0.0,2.533834057837798,-0.016299466504270888,1.5107243416161835,0.33229065200686064,-0.599603043290984,-0.24365796154926908,-0.5348233690070359,-1.0158880202812166,1.1701686228100328,-2.1813222722915055,-3.76311499728066,0.6160163794287802,-1.1371775106653543,-0.5919686287351322,1.8055324774248236,-0.5348233690070359,2
0.0,0.2463727977186159,-0.016299466504270888,-0.0013240353563683273,0.33229065200686064,1.6677700541868428,-0.24365796154926908,-0.5348233690070359,0.9843604610311101,-0.8545776912036905,-0.6321493649800012,0.31806005200187926,-0.40948027553866423,-1.1371775106653543,0.6599353972195364,0.08583432127874459,-0.5348233690070359,2
0.0,-2.041088462400566,-1.1796738882466193,-0.7573482238426442,0.33229065200686064,1.6677700541868428,-0.24365796154926908,-0.5348233690070359,-1.0158880202812166,-0.8545776912036905,-0.6321493649800012,0.31806005200187926,-0.40948027553866423,0.8793701868188611,-0.5919686287351322,-1.6338638348673344,-0.5348233690070359,1
0.0,2.533834057837798,-1.1796738882466193,1.5107243416161835,0.33229065200686064,-0.599603043290984,4.104113789845501,1.869776187709637,-1.0158880202812166,-0.8545776912036905,-2.1813222722915055,0.31806005200187926,-0.40948027553866423,-1.1371775106653543,0.6599353972195364,1.375607938388304,1.869776187709637,0
0.0,0.2463727977186159,1.1470749552380775,-0.0013240353563683273,0.33229065200686064,1.6677700541868428,4.104113789845501,1.869776187709637,0.9843604610311101,-0.8545776912036905,-0.6321493649800012,0.31806005200187926,2.6670096893636686,0.8793701868188611,3.163743449128874,0.5157588603152643,1.869776187709637,1
0.0,0.2463727977186159,-1.1796738882466193,0.7547001531299076,0.33229065200686064,-0.599603043290984,-0.24365796154926908,1.869776187709637,0.9843604610311101,-0.8545776912036905,-0.6321493649800012,0.31806005200187926,-0.40948027553866423,0.8793701868188611,0.6599353972195364,0.08583432127874459,1.869776187709637,1
0.0,-0.897357832340975,-0.016299466504270888,-0.7573482238426442,0.33229065200686064,-0.599603043290984,-0.24365796154926908,1.869776187709637,-1.0158880202812166,-0.8545776912036905,-0.6321493649800012,0.31806005200187926,0.6160163794287802,-1.1371775106653543,-0.5919686287351322,-0.7740147567942949,1.869776187709637,1
0.0,-0.897357832340975,-0.016299466504270888,-0.7573482238426442,0.33229065200686064,-0.599603043290984,-0.24365796154926908,1.869776187709637,0.9843604610311101,-0.8545776912036905,-0.6321493649800012,0.31806005200187926,-0.40948027553866423,0.8793701868188611,0.6599353972195364,-0.7740147567942949,1.869776187709637,1
0.0,0.2463727977186159,1.1470749552380775,-0.7573482238426442,0.33229065200686064,-0.599603043290984,-0.24365796154926908,-0.5348233690070359,-1.0158880202812166,1.1701686228100328,0.9170235423315033,0.31806005200187926,-0.40948027553866423,-1.1371775106653543,-0.5919686287351322,0.08583432127874459,-0.5348233690070359,2
0.0,0.2463727977186159,1.1470749552380775,-0.7573482238426442,-1.3770603596680728,-0.599603043290984,-0.24365796154926908,-0.5348233690070359,0.9843604610311101,-0.8545776912036905,-0.6321493649800012,0.31806005200187926,3.692506344331113,-1.1371775106653543,-0.5919686287351322,0.08583432127874459,-0.5348233690070359,1
0.0,-0.897357832340975,-1.1796738882466193,-0.0013240353563683273,0.33229065200686064,-0.599603043290984,-0.24365796154926908,-0.5348233690070359,0.9843604610311101,-0.8545776912036905,0.9170235423315033,0.31806005200187926,-0.40948027553866423,-1.1371775106653543,-0.5919686287351322,-0.7740147567942949,-0.5348233690070359,1
0.0,-2.041088462400566,-0.016299466504270888,-1.51337241232892,0.33229065200686064,-0.599603043290984,-0.24365796154926908,-0.5348233690070359,0.9843604610311101,-0.8545776912036905,0.9170235423315033,0.31806005200187926,-0.40948027553866423,-1.1371775106653543,-0.5919686287351322,-1.6338638348673344,-0.5348233690070359,2
0.0,0.2463727977186159,-0.016299466504270888,0.7547001531299076,0.33229065200686064,-0.599603043290984,-0.24365796154926908,-0.5348233690070359,0.9843604610311101,-0.8545776912036905,0.9170235423315033,0.31806005200187926,1.6415130343962245,-1.1371775106653543,-0.5919686287351322,0.5157588603152643,-0.5348233690070359,0
0.0,-0.897357832340975,-1.1796738882466193,-0.7573482238426442,0.33229065200686064,-0.599603043290984,-0.24365796154926908,-0.5348233690070359,0.9843604610311101,1.1701686228100328,-0.6321493649800012,0.31806005200187926,-0.40948027553866423,-1.1371775106653543,0.6599353972195364,-1.2039392958308146,-0.5348233690070359,0
0.0,0.2463727977186159,-1.1796738882466193,-1.51337241232892,0.33229065200686064,-0.599603043290984,4.104113789845501,-0.5348233690070359,0.9843604610311101,-0.8545776912036905,0.9170235423315033,0.31806005200187926,-0.40948027553866423,-1.1371775106653543,0.6599353972195364,-1.2039392958308146,-0.5348233690070359,2
0.0,1.3901034277782067,2.3104493769804257,2.2667485301024595,0.33229065200686064,-0.599603043290984,4.104113789845501,1.869776187709637,0.9843604610311101,-0.8545776912036905,-0.6321493649800012,0.31806005200187926,-0.40948027553866423,0.8793701868188611,1.911839423174205,2.6653815554978633,1.869776187709637,1
0.0,0.2463727977186159,-1.1796738882466193,-0.7573482238426442,0.33229065200686064,-0.599603043290984,4.104113789845501,1.869776187709637,0.9843604610311101,-0.8545776912036905,0.9170235423315033,0.31806005200187926,-0.40948027553866423,-1.1371775106653543,1.911839423174205,-0.7740147567942949,1.869776187709637,1
0.0,0.2463727977186159,-0.016299466504270888,2.2667485301024595,0.33229065200686064,-0.599603043290984,-0.24365796154926908,-0.5348233690070359,-1.0158880202812166,1.1701686228100328,-0.6321493649800012,0.31806005200187926,-0.40948027553866423,0.8793701868188611,-0.5919686287351322,1.375607938388304,-0.5348233690070359,2
0.0,0.2463727977186159,-1.1796738882466193,-0.0013240353563683273,0.33229065200686064,-0.599603043290984,-0.24365796154926908,-0.5348233690070359,-1.0158880202812166,1.1701686228100328,-0.6321493649800012,0.31806005200187926,-0.40948027553866423,0.8793701868188611,-0.5919686287351322,-0.34409021775777515,-0.5348233690070359,2
0.0,0.2463727977186159,-0.016299466504270888,-0.0013240353563683273,0.33229065200686064,1.6677700541868428,-0.24365796154926908,1.869776187709637,0.9843604610311101,-0.8545776912036905,0.9170235423315033,0.31806005200187926,-0.40948027553866423,-1.1371775106653543,1.911839423174205,0.08583432127874459,1.869776187709637,1
0.0,1.3901034277782067,2.3104493769804257,1.5107243416161835,0.33229065200686064,-0.599603043290984,-0.24365796154926908,-0.5348233690070359,-1.0158880202812166,1.1701686228100328,0.9170235423315033,0.31806005200187926,2.6670096893636686,0.8793701868188611,-0.5919686287351322,2.235457016461343,-0.5348233690070359,1
0.0,0.2463727977186159,-0.016299466504270888,-0.7573482238426442,0.33229065200686064,-0.599603043290984,-0.24365796154926908,-0.5348233690070359,-1.0158880202812166,1.1701686228100328,-0.6321493649800012,0.31806005200187926,-0.40948027553866423,0.8793701868188611,-0.5919686287351322,-0.34409021775777515,-0.5348233690070359,1
0.0,1.3901034277782067,1.1470749552380775,-0.7573482238426442,0.33229065200686064,-0.599603043290984,4.104113789845501,-0.5348233690070359,-1.0158880202812166,1.1701686228100328,0.9170235423315033,-3.76311499728066,-0.40948027553866423,0.8793701868188611,0.6599353972195364,0.5157588603152643,-0.5348233690070359,2
0.0,0.2463727977186159,-1.1796738882466193,-1.51337241232892,0.33229065200686064,1.6677700541868428,-0.24365796154926908,-0.5348233690070359,-1.0158880202812166,-0.8545776912036905,-2.1813222722915055,0.31806005200187926,-0.40948027553866423,0.8793701868188611,-0.5919686287351322,-1.2039392958308146,-0.5348233690070359,0
0.0,-0.897357832340975,-1.1796738882466193,-0.7573482238426442,0.33229065200686064,-0.599603043290984,-0.24365796154926908,-0.5348233690070359,0.9843604610311101,1.1701686228100328,0.9170235423315033,0.31806005200187926,-0.40948027553866423,-1.1371775106653543,0.6599353972195364,-1.2039392958308146,-0.5348233690070359,0
0.0,0.2463727977186159,-0.016299466504270888,2.2667485301024595,0.33229065200686064,-0.599603043290984,-0.24365796154926908,-0.5348233690070359,-1.0158880202812166,-0.8545776912036905,0.9170235423315033,0.31806005200187926,-0.40948027553866423,0.8793701868188611,-1.8438726546898008,1.375607938388304,-0.5348233690070359,2
0.0,0.2463727977186159,-0.016299466504270888,0.7547001531299076,0.33229065200686064,-0.599603043290984,-0.24365796154926908,-0.5348233690070359,-1.0158880202812166,1.1701686228100328,-0.6321493649800012,0.31806005200187926,-0.40948027553866423,0.8793701868188611,-0.5919686287351322,0.5157588603152643,-0.5348233690070359,2
0.0,-0.897357832340975,-1.1796738882466193,-0.7573482238426442,0.33229065200686064,-0.599603043290984,-0.24365796154926908,-0.5348233690070359,0.9843604610311101,-0.8545776912036905,0.9170235423315033,0.31806005200187926,-0.40948027553866423,0.8793701868188611,-0.5919686287351322,-1.2039392958308146,-0.5348233690070359,1
0.0,1.3901034277782067,1.1470749552380775,0.7547001531299076,0.33229065200686064,-0.599603043290984,-0.24365796154926908,-0.5348233690070359,0.9843604610311101,-0.8545776912036905,0.9170235423315033,0.31806005200187926,-0.40948027553866423,0.8793701868188611,-0.5919686287351322,1.375607938388304,-0.5348233690070359,2
0.0,0.2463727977186159,-0.016299466504270888,-0.0013240353563683273,0.33229065200686064,-0.599603043290984,-0.24365796154926908,-0.5348233690070359,-1.0158880202812166,1.1701686228100328,-0.6321493649800012,0.31806005200187926,-0.40948027553866423,0.8793701868188611,-0.5919686287351322,0.08583432127874459,-0.5348233690070359,2
0.0,-0.897357832340975,-0.016299466504270888,-0.7573482238426442,0.33229065200686064,-0.599603043290984,-0.24365796154926908,-0.5348233690070359,-1.0158880202812166,1.1701686228100328,0.9170235423315033,0.31806005200187926,-0.40948027553866423,0.8793701868188611,-0.5919686287351322,-0.7740147567942949,-0.5348233690070359,1
0.0,-0.897357832340975,-1.1796738882466193,-1.51337241232892,0.33229065200686064,1.6677700541868428,-0.24365796154926908,-0.5348233690070359,-1.0158880202812166,-0.8545776912036905,-0.6321493649800012,0.31806005200187926,-0.40948027553866423,0.8793701868188611,-0.5919686287351322,-1.6338638348673344,-0.5348233690070359,1
0.0,0.2463727977186159,-0.016299466504270888,0.7547001531299076,0.33229065200686064,1.6677700541868428,-0.24365796154926908,-0.5348233690070359,-1.0158880202812166,1.1701686228100328,-0.6321493649800012,-1.7225274726393904,3.692506344331113,0.8793701868188611,0.6599353972195364,0.5157588603152643,-0.5348233690070359,1
0.0,0.2463727977186159,1.1470749552380775,-0.0013240353563683273,0.33229065200686064,-0.599603043290984,4.104113789845501,1.869776187709637,-1.0158880202812166,1.1701686228100328,-2.1813222722915055,0.31806005200187926,-0.40948027553866423,0.8793701868188611,1.911839423174205,0.5157588603152643,1.869776187709637,1
0.0,-0.897357832340975,-1.1796738882466193,-0.7573482238426442,0.33229065200686064,-0.599603043290984,-0.24365796154926908,-0.5348233690070359,0.9843604610311101,1.1701686228100328,-0.6321493649800012,0.31806005200187926,-0.40948027553866423,-1.1371775106653543,0.6599353972195364,-1.2039392958308146,-0.5348233690070359,2
0.0,-0.897357832340975,-1.1796738882466193,-0.0013240353563683273,0.33229065200686064,1.6677700541868428,-0.24365796154926908,-0.5348233690070359,0.9843604610311101,-0.8545776912036905,-0.6321493649800012,0.31806005200187926,-0.40948027553866423,-1.1371775106653543,0.6599353972195364,-0.7740147567942949,-0.5348233690070359,1
0.0,0.2463727977186159,1.1470749552380775,-0.0013240353563683273,0.33229065200686064,1.6677700541868428,-0.24365796154926908,-0.5348233690070359,-1.0158880202812166,1.1701686228100328,0.9170235423315033,0.31806005200187926,0.6160163794287802,0.8793701868188611,0.6599353972195364,0.5157588603152643,-0.5348233690070359,1
0.0,-0.897357832340975,-0.016299466504270888,0.7547001531299076,0.33229065200686064,-0.599603043290984,-0.24365796154926908,-0.5348233690070359,-1.0158880202812166,1.1701686228100328,-0.6321493649800012,0.31806005200187926,-0.40948027553866423,-1.1371775106653543,-0.5919686287351322,0.08583432127874459,-0.5348233690070359,0
0.0,0.2463727977186159,-0.016299466504270888,0.7547001531299076,0.33229065200686064,1.6677700541868428,-0.24365796154926908,-0.5348233690070359,0.9843604610311101,-0.8545776912036905,-0.6321493649800012,0.31806005200187926,-0.40948027553866423,0.8793701868188611,0.6599353972195364,0.5157588603152643,-0.5348233690070359,1
0.0,0.2463727977186159,-1.1796738882466193,1.5107243416161835,0.33229065200686064,-0.599603043290984,-0.24365796154926908,-0.5348233690070359,-1.0158880202812166,1.1701686228100328,0.9170235423315033,0.31806005200187926,-0.40948027553866423,0.8793701868188611,-0.5919686287351322,0.5157588603152643,-0.5348233690070359,2
0.0,2.533834057837798,2.3104493769804257,1.5107243416161835,0.33229065200686064,-0.599603043290984,-0.24365796154926908,1.869776187709637,-1.0158880202812166,-0.8545776912036905,-2.1813222722915055,0.31806005200187926,-0.40948027553866423,0.8793701868188611,-0.5919686287351322,2.6653815554978633,1.869776187709637,0
0.0,-0.897357832340975,-1.1796738882466193,-0.7573482238426442,0.33229065200686064,-0.599603043290984,-0.24365796154926908,-0.5348233690070359,-1.0158880202812166,1.1701686228100328,0.9170235423315033,0.31806005200187926,2.6670096893636686,-1.1371775106653543,-0.5919686287351322,-1.2039392958308146,-0.5348233690070359,1
0.0,0.2463727977186159,-0.016299466504270888,-0.7573482238426442,0.33229065200686064,-0.599603043290984,-0.24365796154926908,-0.5348233690070359,-1.0158880202812166,1.1701686228100328,-0.6321493649800012,0.31806005200187926,-0.40948027553866423,0.8793701868188611,-0.5919686287351322,-0.34409021775777515,-0.5348233690070359,1
0.0,1.3901034277782067,-0.016299466504270888,0.7547001531299076,0.33229065200686064,-0.599603043290984,-0.24365796154926908,-0.5348233690070359,-1.0158880202812166,1.1701686228100328,-2.1813222722915055,0.31806005200187926,-0.40948027553866423,-1.1371775106653543,-0.5919686287351322,0.9456833993517841,-0.5348233690070359,1
0.0,-0.897357832340975,-0.016299466504270888,-0.7573482238426442,0.33229065200686064,-0.599603043290984,-0.24365796154926908,1.869776187709637,0.9843604610311101,1.1701686228100328,0.9170235423315033,0.31806005200187926,-0.40948027553866423,0.8793701868188611,1.911839423174205,-0.7740147567942949,1.869776187709637,0
0.0,0.2463727977186159,1.1470749552380775,-0.7573482238426442,0.33229065200686064,1.6677700541868428,-0.24365796154926908,-0.5348233690070359,0.9843604610311101,-0.8545776912036905,-0.6321493649800012,-1.7225274726393904,-0.40948027553866423,0.8793701868188611,0.6599353972195364,0.08583432127874459,-0.5348233690070359,2
0.0,0.2463727977186159,1.1470749552380775,-0.0013240353563683273,-1.3770603596680728,1.6677700541868428,-0.24365796154926908,1.869776187709637,0.9843604610311101,1.1701686228100328,-0.6321493649800012,0.31806005200187926,-0.40948027553866423,0.8793701868188611,3.163743449128874,0.5157588603152643,1.869776187709637,1
0.0,1.3901034277782067,-1.1796738882466193,-0.0013240353563683273,0.33229065200686064,-0.599603043290984,-0.24365796154926908,1.869776187709637,-1.0158880202812166,1.1701686228100328,-0.6321493649800012,0.31806005200187926,-0.40948027553866423,-1.1371775106653543,0.6599353972195364,0.08583432127874459,1.869776187709637,1
0.0,-0.897357832340975,-1.1796738882466193,-0.7573482238426442,0.33229065200686064,-0.599603043290984,-0.24365796154926908,-0.5348233690070359,0.9843604610311101,1.1701686228100328,0.9170235423315033,0.31806005200187926,-0.40948027553866423,0.8793701868188611,0.6599353972195364,-1.2039392958308146,-0.5348233690070359,0
0.0,0.2463727977186159,-0.016299466504270888,2.2667485301024595,-3.086411371343006,-0.599603043290984,-0.24365796154926908,1.869776187709637,0.9843604610311101,-0.8545776912036905,-0.6321493649800012,0.31806005200187926,0.6160163794287802,-1.1371775106653543,0.6599353972195364,1.375607938388304,1.869776187709637,2
0.0,-0.897357832340975,-0.016299466504270888,-0.7573482238426442,0.33229065200686064,1.6677700541868428,-0.24365796154926908,-0.5348233690070359,0.9843604610311101,-0.8545776912036905,0.9170235423315033,0.31806005200187926,-0.40948027553866423,0.8793701868188611,0.6599353972195364,-0.7740147567942949,-0.5348233690070359,2
0.0,0.2463727977186159,-1.1796738882466193,-0.0013240353563683273,0.33229065200686064,1.6677700541868428,-0.24365796154926908,1.869776187709637,0.9843604610311101,1.1701686228100328,-2.1813222722915055,0.31806005200187926,-0.40948027553866423,0.8793701868188611,3.163743449128874,-0.34409021775777515,1.869776187709637,0
0.0,0.2463727977186159,-1.1796738882466193,-0.0013240353563683273,0.33229065200686064,-0.599603043290984,-0.24365796154926908,-0.5348233690070359,-1.0158880202812166,1.1701686228100328,-0.6321493649800012,0.31806005200187926,0.6160163794287802,0.8793701868188611,-0.5919686287351322,-0.34409021775777515,-0.5348233690070359,2
0.0,-0.897357832340975,-1.1796738882466193,0.7547001531299076,0.33229065200686064,-0.599603043290984,-0.24365796154926908,-0.5348233690070359,-1.0158880202812166,1.1701686228100328,0.9170235423315033,0.31806005200187926,-0.40948027553866423,0.8793701868188611,-0.5919686287351322,-0.34409021775777515,-0.5348233690070359,1
0.0,-0.897357832340975,-0.016299466504270888,-0.7573482238426442,0.33229065200686064,-0.599603043290984,-0.24365796154926908,-0.5348233690070359,0.9843604610311101,-0.8545776912036905,0.9170235423315033,0.31806005200187926,0.6160163794287802,-1.1371775106653543,-0.5919686287351322,-0.7740147567942949,-0.5348233690070359,1
0.0,-2.041088462400566,-1.1796738882466193,-1.51337241232892,0.33229065200686064,-0.599603043290984,-0.24365796154926908,-0.5348233690070359,0.9843604610311101,-0.8545776912036905,0.9170235423315033,0.31806005200187926,-0.40948027553866423,-1.1371775106653543,-0.5919686287351322,-2.0637883739038543,-0.5348233690070359,2
0.0,0.2463727977186159,-0.016299466504270888,-0.7573482238426442,0.33229065200686064,-0.599603043290984,-0.24365796154926908,-0.5348233690070359,-1.0158880202812166,1.1701686228100328,0.9170235423315033,0.31806005200187926,-0.40948027553866423,-1.1371775106653543,-0.5919686287351322,-0.34409021775777515,-0.5348233690070359,2
0.0,0.2463727977186159,-0.016299466504270888,2.2667485301024595,0.33229065200686064,-0.599603043290984,-0.24365796154926908,-0.5348233690070359,-1.0158880202812166,1.1701686228100328,-0.6321493649800012,0.31806005200187926,-0.40948027553866423,-1.1371775106653543,-0.5919686287351322,1.375607938388304,-0.5348233690070359,2
0.0,-0.897357832340975,-1.1796738882466193,0.7547001531299076,0.33229065200686064,1.6677700541868428,-0.24365796154926908,-0.5348233690070359,-1.0158880202812166,-0.8545776912036905,-2.1813222722915055,0.31806005200187926,0.6160163794287802,-1.1371775106653543,-0.5919686287351322,-0.34409021775777515,-0.5348233690070359,0
0.0,-0.897357832340975,-0.016299466504270888,2.2667485301024595,0.33229065200686064,1.6677700541868428,-0.24365796154926908,-0.5348233690070359,-1.0158880202812166,-0.8545776912036905,0.9170235423315033,0.31806005200187926,-0.40948027553866423,-1.1371775106653543,-0.5919686287351322,0.9456833993517841,-0.5348233690070359,1
0.0,0.2463727977186159,1.1470749552380775,-0.0013240353563683273,0.33229065200686064,-0.599603043290984,-0.24365796154926908,1.869776187709637,0.9843604610311101,-0.8545776912036905,-0.6321493649800012,0.31806005200187926,-0.40948027553866423,0.8793701868188611,0.6599353972195364,0.5157588603152643,1.869776187709637,0
0.0,0.2463727977186159,1.1470749552380775,-0.7573482238426442,0.33229065200686064,-0.599603043290984,-0.24365796154926908,1.869776187709637,0.9843604610311101,-0.8545776912036905,-0.6321493649800012,-1.7225274726393904,-0.40948027553866423,0.8793701868188611,0.6599353972195364,0.08583432127874459,1.869776187709637,1
0.0,-0.897357832340975,-0.016299466504270888,-0.7573482238426442,0.33229065200686064,-0.599603043290984,4.104113789845501,-0.5348233690070359,0.9843604610311101,-0.8545776912036905,-0.6321493649800012,0.31806005200187926,-0.40948027553866423,-1.1371775106653543,0.6599353972195364,-0.7740147567942949,-0.5348233690070359,2
0.0,0.2463727977186159,1.1470749552380775,-0.0013240353563683273,0.33229065200686064,-0.599603043290984,-0.24365796154926908,-0.5348233690070359,-1.0158880202812166,1.1701686228100328,0.9170235423315033,0.31806005200187926,-0.40948027553866423,-1.1371775106653543,-0.5919686287351322,0.5157588603152643,-0.5348233690070359,2
0.0,1.3901034277782067,2.3104493769804257,0.7547001531299076,0.33229065200686064,1.6677700541868428,-0.24365796154926908,-0.5348233690070359,0.9843604610311101,-0.8545776912036905,-0.6321493649800012,0.31806005200187926,2.6670096893636686,0.8793701868188611,0.6599353972195364,1.8055324774248236,-0.5348233690070359,1
0.0,2.533834057837798,-1.1796738882466193,-0.7573482238426442,0.33229065200686064,-0.599603043290984,-0.24365796154926908,1.869776187709637,0.9843604610311101,-0.8545776912036905,0.9170235423315033,0.31806005200187926,-0.40948027553866423,-1.1371775106653543,0.6599353972195364,0.08583432127874459,1.869776187709637,2
0.0,-0.897357832340975,-0.016299466504270888,-0.7573482238426442,0.33229065200686064,1.6677700541868428,-0.24365796154926908,1.869776187709637,0.9843604610311101,-0.8545776912036905,0.9170235423315033,0.31806005200187926,2.6670096893636686,-1.1371775106653543,1.911839423174205,-0.7740147567942949,1.869776187709637,0
0.0,1.3901034277782067,2.3104493769804257,2.2667485301024595,0.33229065200686064,-0.599603043290984,-0.24365796154926908,-0.5348233690070359,0.9843604610311101,-0.8545776912036905,0.9170235423315033,0.31806005200187926,-0.40948027553866423,0.8793701868188611,-0.5919686287351322,2.6653815554978633,-0.5348233690070359,1
0.0,1.3901034277782067,1.1470749552380775,2.2667485301024595,0.33229065200686064,1.6677700541868428,-0.24365796154926908,1.869776187709637,-1.0158880202812166,-0.8545776912036905,-0.6321493649800012,0.31806005200187926,2.6670096893636686,-1.1371775106653543,0.6599353972195364,2.235457016461343,1.869776187709637,1
0.0,1.3901034277782067,1.1470749552380775,0.7547001531299076,0.33229065200686064,-0.599603043290984,-0.24365796154926908,-0.5348233690070359,-1.0158880202812166,1.1701686228100328,-0.6321493649800012,0.31806005200187926,-0.40948027553866423,-1.1371775106653543,-0.5919686287351322,1.375607938388304,-0.5348233690070359,0
0.0,0.2463727977186159,-1.1796738882466193,-0.0013240353563683273,0.33229065200686064,-0.599603043290984,-0.24365796154926908,1.869776187709637,0.9843604610311101,-0.8545776912036905,0.9170235423315033,0.31806005200187926,-0.40948027553866423,-1.1371775106653543,0.6599353972195364,-0.34409021775777515,1.869776187709637,2
0.0,-0.897357832340975,-0.016299466504270888,-0.0013240353563683273,0.33229065200686064,-0.599603043290984,-0.24365796154926908,-0.5348233690070359,-1.0158880202812166,1.1701686228100328,0.9170235423315033,0.31806005200187926,-0.40948027553866423,0.8793701868188611,-0.5919686287351322,-0.34409021775777515,-0.5348233690070359,1
0.0,0.2463727977186159,-0.016299466504270888,2.2667485301024595,0.33229065200686064,-0.599603043290984,-0.24365796154926908,-0.5348233690070359,-1.0158880202812166,1.1701686228100328,0.9170235423315033,0.31806005200187926,-0.40948027553866423,-1.1371775106653543,-0.5919686287351322,1.375607938388304,-0.5348233690070359,2
0.0,1.3901034277782067,-0.016299466504270888,-0.0013240353563683273,0.33229065200686064,-0.599603043290984,-0.24365796154926908,-0.5348233690070359,-1.0158880202812166,-0.8545776912036905,0.9170235423315033,0.31806005200187926,-0.40948027553866423,-1.1371775106653543,-1.8438726546898008,0.5157588603152643,-0.5348233690070359,2
0.0,2.533834057837798,1.1470749552380775,2.2667485301024595,0.33229065200686064,-0.599603043290984,-0.24365796154926908,1.869776187709637,0.9843604610311101,-0.8545776912036905,-0.6321493649800012,0.31806005200187926,-0.40948027553866423,0.8793701868188611,0.6599353972195364,2.6653815554978633,1.869776187709637,1
0.0,0.2463727977186159,1.1470749552380775,-0.0013240353563683273,0.33229065200686064,-0.599603043290984,-0.24365796154926908,-0.5348233690070359,0.9843604610311101,-0.8545776912036905,0.9170235423315033,0.31806005200187926,-0.40948027553866423,0.8793701868188611,-0.5919686287351322,0.5157588603152643,-0.5348233690070359,0
0.0,0.2463727977186159,-1.1796738882466193,0.7547001531299076,-1.3770603596680728,1.6677700541868428,-0.24365796154926908,1.869776187709637,0.9843604610311101,-0.8545776912036905,-0.6321493649800012,0.31806005200187926,-0.40948027553866423,0.8793701868188611,1.911839423174205,0.08583432127874459,1.869776187709637,2
0.0,0.2463727977186159,1.1470749552380775,2.2667485301024595,0.33229065200686064,-0.599603043290984,-0.24365796154926908,-0.5348233690070359,0.9843604610311101,-0.8545776912036905,0.9170235423315033,0.31806005200187926,-0.40948027553866423,-1.1371775106653543,-0.5919686287351322,1.8055324774248236,-0.5348233690070359,1
0.0,-0.897357832340975,-0.016299466504270888,-0.7573482238426442,-1.3770603596680728,-0.599603043290984,-0.24365796154926908,-0.5348233690070359,0.9843604610311101,-0.8545776912036905,0.9170235423315033,0.31806005200187926,1.6415130343962245,-1.1371775106653543,-0.5919686287351322,-0.7740147567942949,-0.5348233690070359,0
0.0,0.2463727977186159,1.1470749552380775,-0.0013240353563683273,0.33229065200686064,1.6677700541868428,-0.24365796154926908,-0.5348233690070359,0.9843604610311101,-0.8545776912036905,-0.6321493649800012,0.31806005200187926,-0.40948027553866423,0.8793701868188611,0.6599353972195364,0.5157588603152643,-0.5348233690070359,1
0.0,1.3901034277782067,2.3104493769804257,0.7547001531299076,0.33229065200686064,1.6677700541868428,-0.24365796154926908,-0.5348233690070359,-1.0158880202812166,-0.8545776912036905,-0.6321493649800012,0.31806005200187926,1.6415130343962245,-1.1371775106653543,-0.5919686287351322,1.8055324774248236,-0.5348233690070359,2
0.0,-0.897357832340975,-1.1796738882466193,-0.7573482238426442,0.33229065200686064,-0.599603043290984,-0.24365796154926908,-0.5348233690070359,0.9843604610311101,-0.8545776912036905,0.9170235423315033,0.31806005200187926,-0.40948027553866423,-1.1371775106653543,-0.5919686287351322,-1.2039392958308146,-0.5348233690070359,1
0.0,-0.897357832340975,-1.1796738882466193,-1.51337241232892,0.33229065200686064,1.6677700541868428,-0.24365796154926908,-0.5348233690070359,0.9843604610311101,-0.8545776912036905,0.9170235423315033,0.31806005200187926,-0.40948027553866423,0.8793701868188611,0.6599353972195364,-1.6338638348673344,-0.5348233690070359,1
0.0,0.2463727977186159,1.1470749552380775,0.7547001531299076,0.33229065200686064,-0.599603043290984,-0.24365796154926908,-0.5348233690070359,0.9843604610311101,-0.8545776912036905,0.9170235423315033,0.31806005200187926,-0.40948027553866423,-1.1371775106653543,-0.5919686287351322,0.9456833993517841,-0.5348233690070359,1
0.0,1.3901034277782067,1.1470749552380775,-0.7573482238426442,0.33229065200686064,-0.599603043290984,-0.24365796154926908,1.869776187709637,-1.0158880202812166,1.1701686228100328,-0.6321493649800012,0.31806005200187926,-0.40948027553866423,-1.1371775106653543,0.6599353972195364,0.5157588603152643,1.869776187709637,2
0.0,0.2463727977186159,1.1470749552380775,-0.0013240353563683273,0.33229065200686064,1.6677700541868428,-0.24365796154926908,1.869776187709637,0.9843604610311101,1.1701686228100328,-0.6321493649800012,0.31806005200187926,-0.40948027553866423,0.8793701868188611,3.163743449128874,0.5157588603152643,1.869776187709637,2
0.0,1.3901034277782067,1.1470749552380775,-0.7573482238426442,0.33229065200686064,-0.599603043290984,-0.24365796154926908,1.869776187709637,-1.0158880202812166,-0.8545776912036905,-0.6321493649800012,0.31806005200187926,-0.40948027553866423,0.8793701868188611,-0.5919686287351322,0.5157588603152643,1.869776187709637,1
0.0,1.3901034277782067,-0.016299466504270888,-0.0013240353563683273,0.33229065200686064,-0.599603043290984,-0.24365796154926908,1.869776187709637,0.9843604610311101,-0.8545776912036905,0.9170235423315033,0.31806005200187926,-0.40948027553866423,-1.1371775106653543,0.6599353972195364,0.5157588603152643,1.869776187709637,2
0.0,0.2463727977186159,-0.016299466504270888,-0.0013240353563683273,0.33229065200686064,-0.599603043290984,-0.24365796154926908,-0.5348233690070359,-1.0158880202812166,1.1701686228100328,0.9170235423315033,0.31806005200187926,-0.40948027553866423,0.8793701868188611,-0.5919686287351322,0.08583432127874459,-0.5348233690070359,0
0.0,-0.897357832340975,-0.016299466504270888,-0.7573482238426442,0.33229065200686064,-0.599603043290984,-0.24365796154926908,-0.5348233690070359,-1.0158880202812166,1.1701686228100328,0.9170235423315033,0.31806005200187926,2.6670096893636686,-1.1371775106653543,-0.5919686287351322,-0.7740147567942949,-0.5348233690070359,1
0.0,-0.897357832340975,-1.1796738882466193,-1.51337241232892,0.33229065200686064,-0.599603043290984,-0.24365796154926908,-0.5348233690070359,-1.0158880202812166,1.1701686228100328,0.9170235423315033,0.31806005200187926,-0.40948027553866423,0.8793701868188611,-0.5919686287351322,-1.6338638348673344,-0.5348233690070359,2
0.0,-0.897357832340975,1.1470749552380775,-0.7573482238426442,0.33229065200686064,1.6677700541868428,-0.24365796154926908,-0.5348233690070359,0.9843604610311101,-0.8545776912036905,-2.1813222722915055,-3.76311499728066,-0.40948027553866423,-1.1371775106653543,0.6599353972195364,-0.34409021775777515,-0.5348233690070359,2
0.0,-0.897357832340975,-1.1796738882466193,-0.7573482238426442,0.33229065200686064,-0.599603043290984,-0.24365796154926908,1.869776187709637,0.9843604610311101,-0.8545776912036905,-0.6321493649800012,0.31806005200187926,-0.40948027553866423,0.8793701868188611,0.6599353972195364,-1.2039392958308146,1.869776187709637,2
0.0,0.2463727977186159,-1.1796738882466193,-0.0013240353563683273,0.33229065200686064,-0.599603043290984,-0.24365796154926908,-0.5348233690070359,-1.0158880202812166,-0.8545776912036905,0.9170235423315033,0.31806005200187926,-0.40948027553866423,0.8793701868188611,-1.8438726546898008,-0.34409021775777515,-0.5348233690070359,1
0.0,-0.897357832340975,-0.016299466504270888,-1.51337241232892,0.33229065200686064,1.6677700541868428,-0.24365796154926908,1.869776187709637,-1.0158880202812166,-0.8545776912036905,0.9170235423315033,0.31806005200187926,-0.40948027553866423,-1.1371775106653543,0.6599353972195364,-1.2039392958308146,1.869776187709637,1
0.0,0.2463727977186159,-0.016299466504270888,0.7547001531299076,0.33229065200686064,-0.599603043290984,-0.24365796154926908,-0.5348233690070359,-1.0158880202812166,1.1701686228100328,0.9170235423315033,0.31806005200187926,-0.40948027553866423,0.8793701868188611,-0.5919686287351322,0.5157588603152643,-0.5348233690070359,1
0.0,1.3901034277782067,1.1470749552380775,0.7547001531299076,0.33229065200686064,-0.599603043290984,-0.24365796154926908,-0.5348233690070359,-1.0158880202812166,-0.8545776912036905,0.9170235423315033,0.31806005200187926,1.6415130343962245,-1.1371775106653543,-1.8438726546898008,1.375607938388304,-0.5348233690070359,2
0.0,1.3901034277782067,1.1470749552380775,0.7547001531299076,0.33229065200686064,1.6677700541868428,4.104113789845501,1.869776187709637,-1.0158880202812166,-0.8545776912036905,-0.6321493649800012,0.31806005200187926,-0.40948027553866423,-1.1371775106653543,1.911839423174205,1.375607938388304,1.869776187709637,1
0.0,-0.897357832340975,-0.016299466504270888,-0.7573482238426442,0.33229065200686064,-0.599603043290984,-0.24365796154926908,-0.5348233690070359,0.9843604610311101,-0.8545776912036905,0.9170235423315033,0.31806005200187926,0.6160163794287802,-1.1371775106653543,-0.5919686287351322,-0.7740147567942949,-0.5348233690070359,1
0.0,-0.897357832340975,-0.016299466504270888,-0.0013240353563683273,0.33229065200686064,1.6677700541868428,-0.24365796154926908,-0.5348233690070359,-1.0158880202812166,-0.8545776912036905,-0.6321493649800012,0.31806005200187926,-0.40948027553866423,0.8793701868188611,-0.5919686287351322,-0.34409021775777515,-0.5348233690070359,2
0.0,0.2463727977186159,1.1470749552380775,-0.0013240353563683273,0.33229065200686064,1.6677700541868428,-0.24365796154926908,-0.5348233690070359,-1.0158880202812166,1.1701686228100328,-0.6321493649800012,0.31806005200187926,-0.40948027553866423,-1.1371775106653543,0.6599353972195364,0.5157588603152643,-0.5348233690070359,1
0.0,-2.041088462400566,-0.016299466504270888,-0.7573482238426442,-3.086411371343006,1.6677700541868428,-0.24365796154926908,-0.5348233690070359,-1.0158880202812166,-0.8545776912036905,-0.6321493649800012,0.31806005200187926,-0.40948027553866423,0.8793701868188611,-0.5919686287351322,-1.2039392958308146,-0.5348233690070359,0
0.0,-0.897357832340975,-0.016299466504270888,-0.7573482238426442,0.33229065200686064,1.6677700541868428,-0.24365796154926908,-0.5348233690070359,0.9843604610311101,-0.8545776912036905,0.9170235423315033,0.31806005200187926,-0.40948027553866423,-1.1371775106653543,0.6599353972195364,-0.7740147567942949,-0.5348233690070359,1
0.0,-0.897357832340975,-0.016299466504270888,-0.0013240353563683273,0.33229065200686064,-0.599603043290984,-0.24365796154926908,-0.5348233690070359,-1.0158880202812166,-0.8545776912036905,-0.6321493649800012,0.31806005200187926,3.692506344331113,0.8793701868188611,-1.8438726546898008,-0.34409021775777515,-0.5348233690070359,1
0.0,0.2463727977186159,1.1470749552380775,-0.0013240353563683273,-3.086411371343006,-0.599603043290984,-0.24365796154926908,-0.5348233690070359,-1.0158880202812166,1.1701686228100328,-0.6321493649800012,0.31806005200187926,-0.40948027553866423,-1.1371775106653543,-0.5919686287351322,0.5157588603152643,-0.5348233690070359,1
0.0,-0.897357832340975,-0.016299466504270888,-0.7573482238426442,0.33229065200686064,-0.599603043290984,-0.24365796154926908,-0.5348233690070359,-1.0158880202812166,1.1701686228100328,0.9170235423315033,0.31806005200187926,-0.40948027553866423,0.8793701868188611,-0.5919686287351322,-0.7740147567942949,-0.5348233690070359,2
0.0,0.2463727977186159,1.1470749552380775,0.7547001531299076,0.33229065200686064,-0.599603043290984,-0.24365796154926908,1.869776187709637,0.9843604610311101,-0.8545776912036905,-0.6321493649800012,0.31806005200187926,-0.40948027553866423,-1.1371775106653543,0.6599353972195364,0.9456833993517841,1.869776187709637,0
0.0,1.3901034277782067,1.1470749552380775,1.5107243416161835,0.33229065200686064,1.6677700541868428,-0.24365796154926908,-0.5348233690070359,0.9843604610311101,-0.8545776912036905,-0.6321493649800012,-3.76311499728066,-0.40948027553866423,-1.1371775106653543,0.6599353972195364,1.8055324774248236,-0.5348233690070359,1
0.0,-0.897357832340975,-1.1796738882466193,-0.0013240353563683273,0.33229065200686064,-0.599603043290984,-0.24365796154926908,-0.5348233690070359,0.9843604610311101,-0.8545776912036905,0.9170235423315033,0.31806005200187926,-0.40948027553866423,-1.1371775106653543,-0.5919686287351322,-0.7740147567942949,-0.5348233690070359,2
0.0,-0.897357832340975,-0.016299466504270888,0.7547001531299076,0.33229065200686064,-0.599603043290984,-0.24365796154926908,-0.5348233690070359,-1.0158880202812166,1.1701686228100328,0.9170235423315033,0.31806005200187926,-0.40948027553866423,-1.1371775106653543,-0.5919686287351322,0.08583432127874459,-0.5348233690070359,0
0.0,1.3901034277782067,-1.1796738882466193,-1.51337241232892,0.33229065200686064,-0.599603043290984,-0.24365796154926908,-0.5348233690070359,0.9843604610311101,-0.8545776912036905,0.9170235423315033,0.31806005200187926,-0.40948027553866423,0.8793701868188611,-0.5919686287351322,-0.7740147567942949,-0.5348233690070359,2
0.0,-0.897357832340975,-1.1796738882466193,-0.7573482238426442,0.33229065200686064,-0.599603043290984,-0.24365796154926908,-0.5348233690070359,-1.0158880202812166,-0.8545776912036905,-0.6321493649800012,0.31806005200187926,-0.40948027553866423,-1.1371775106653543,-1.8438726546898008,-1.2039392958308146,-0.5348233690070359,1
0.0,0.2463727977186159,-1.1796738882466193,-0.7573482238426442,0.33229065200686064,-0.599603043290984,-0.24365796154926908,1.869776187709637,0.9843604610311101,-0.8545776912036905,0.9170235423315033,0.31806005200187926,-0.40948027553866423,0.8793701868188611,0.6599353972195364,-0.7740147567942949,1.869776187709637,1
0.0,0.2463727977186159,1.1470749552380775,-0.7573482238426442,0.33229065200686064,-0.599603043290984,-0.24365796154926908,-0.5348233690070359,0.9843604610311101,-0.8545776912036905,0.9170235423315033,0.31806005200187926,-0.40948027553866423,-1.1371775106653543,-0.5919686287351322,0.08583432127874459,-0.5348233690070359,1
0.0,0.2463727977186159,1.1470749552380775,-0.7573482238426442,0.33229065200686064,1.6677700541868428,-0.24365796154926908,-0.5348233690070359,0.9843604610311101,-0.8545776912036905,-0.6321493649800012,0.31806005200187926,2.6670096893636686,0.8793701868188611,0.6599353972195364,0.08583432127874459,-0.5348233690070359,2
0.0,-0.897357832340975,-1.1796738882466193,-0.7573482238426442,0.33229065200686064,-0.599603043290984,-0.24365796154926908,-0.5348233690070359,-1.0158880202812166,1.1701686228100328,0.9170235423315033,0.31806005200187926,-0.40948027553866423,-1.1371775106653543,-0.5919686287351322,-1.2039392958308146,-0.5348233690070359,1
0.0,0.2463727977186159,-0.016299466504270888,-0.7573482238426442,-3.086411371343006,-0.599603043290984,-0.24365796154926908,-0.5348233690070359,-1.0158880202812166,1.1701686228100328,0.9170235423315033,0.31806005200187926,-0.40948027553866423,-1.1371775106653543,-0.5919686287351322,-0.34409021775777515,-0.5348233690070359,1
0.0,0.2463727977186159,1.1470749552380775,-0.7573482238426442,0.33229065200686064,-0.599603043290984,-0.24365796154926908,-0.5348233690070359,0.9843604610311101,-0.8545776912036905,-0.6321493649800012,0.31806005200187926,0.6160163794287802,-1.1371775106653543,-0.5919686287351322,0.08583432127874459,-0.5348233690070359,1
0.0,-0.897357832340975,-1.1796738882466193,-0.0013240353563683273,-3.086411371343006,-0.599603043290984,-0.24365796154926908,-0.5348233690070359,0.9843604610311101,-0.8545776912036905,0.9170235423315033,0.31806005200187926,-0.40948027553866423,-1.1371775106653543,-0.5919686287351322,-0.7740147567942949,-0.5348233690070359,1
0.0,-0.897357832340975,-0.016299466504270888,-0.7573482238426442,0.33229065200686064,1.6677700541868428,-0.24365796154926908,-0.5348233690070359,-1.0158880202812166,-0.8545776912036905,0.9170235423315033,0.31806005200187926,-0.40948027553866423,-1.1371775106653543,-0.5919686287351322,-0.7740147567942949,-0.5348233690070359,1
0.0,0.2463727977186159,-1.1796738882466193,-0.0013240353563683273,2.0416416636817942,-0.599603043290984,-0.24365796154926908,-0.5348233690070359,-1.0158880202812166,1.1701686228100328,-0.6321493649800012,0.31806005200187926,-0.40948027553866423,0.8793701868188611,-0.5919686287351322,-0.34409021775777515,-0.5348233690070359,0
0.0,1.3901034277782067,-1.1796738882466193,-0.7573482238426442,0.33229065200686064,-0.599603043290984,-0.24365796154926908,-0.5348233690070359,0.9843604610311101,-0.8545776912036905,0.9170235423315033,0.31806005200187926,-0.40948027553866423,0.8793701868188611,-0.5919686287351322,-0.34409021775777515,-0.5348233690070359,2
0.0,-0.897357832340975,-0.016299466504270888,-0.7573482238426442,0.33229065200686064,-0.599603043290984,-0.24365796154926908,-0.5348233690070359,0.9843604610311101,-0.8545776912036905,-0.6321493649800012,0.31806005200187926,-0.40948027553866423,-1.1371775106653543,-0.5919686287351322,-0.7740147567942949,-0.5348233690070359,1
0.0,2.533834057837798,2.3104493769804257,-0.0013240353563683273,0.33229065200686064,-0.599603043290984,-0.24365796154926908,1.869776187709637,0.9843604610311101,1.1701686228100328,-0.6321493649800012,0.31806005200187926,-0.40948027553866423,-1.1371775106653543,1.911839423174205,1.8055324774248236,1.869776187709637,1
0.0,0.2463727977186159,-0.016299466504270888,-0.0013240353563683273,0.33229065200686064,-0.599603043290984,-0.24365796154926908,-0.5348233690070359,0.9843604610311101,-0.8545776912036905,0.9170235423315033,0.31806005200187926,2.6670096893636686,0.8793701868188611,-0.5919686287351322,0.08583432127874459,-0.5348233690070359,0
0.0,0.2463727977186159,-1.1796738882466193,-1.51337241232892,0.33229065200686064,-0.599603043290984,-0.24365796154926908,-0.5348233690070359,-1.0158880202812166,1.1701686228100328,-2.1813222722915055,0.31806005200187926,-0.40948027553866423,-1.1371775106653543,-0.5919686287351322,-1.2039392958308146,-0.5348233690070359,2
0.0,1.3901034277782067,-0.016299466504270888,-0.7573482238426442,0.33229065200686064,1.6677700541868428,-0.24365796154926908,1.869776187709637,-1.0158880202812166,1.1701686228100328,-0.6321493649800012,0.31806005200187926,3.692506344331113,-1.1371775106653543,1.911839423174205,0.08583432127874459,1.869776187709637,2
0.0,0.2463727977186159,1.1470749552380775,-0.0013240353563683273,0.33229065200686064,1.6677700541868428,-0.24365796154926908,-0.5348233690070359,-1.0158880202812166,-0.8545776912036905,-0.6321493649800012,0.31806005200187926,-0.40948027553866423,0.8793701868188611,-0.5919686287351322,0.5157588603152643,-0.5348233690070359,2
0.0,0.2463727977186159,-1.1796738882466193,-0.0013240353563683273,0.33229065200686064,-0.599603043290984,-0.24365796154926908,1.869776187709637,0.9843604610311101,1.1701686228100328,0.9170235423315033,0.31806005200187926,-0.40948027553866423,0.8793701868188611,1.911839423174205,-0.34409021775777515,1.869776187709637,1
0.0,0.2463727977186159,-0.016299466504270888,0.7547001531299076,0.33229065200686064,-0.599603043290984,-0.24365796154926908,-0.5348233690070359,0.9843604610311101,-0.8545776912036905,-0.6321493649800012,0.31806005200187926,3.692506344331113,0.8793701868188611,-0.5919686287351322,0.5157588603152643,-0.5348233690070359,1
0.0,0.2463727977186159,1.1470749552380775,0.7547001531299076,0.33229065200686064,-0.599603043290984,-0.24365796154926908,1.869776187709637,0.9843604610311101,-0.8545776912036905,-0.6321493649800012,0.31806005200187926,-0.40948027553866423,-1.1371775106653543,0.6599353972195364,0.9456833993517841,1.869776187709637,1
0.0,1.3901034277782067,1.1470749552380775,-0.0013240353563683273,0.33229065200686064,-0.599603043290984,-0.24365796154926908,-0.5348233690070359,-1.0158880202812166,1.1701686228100328,-0.6321493649800012,0.31806005200187926,-0.40948027553866423,0.8793701868188611,-0.5919686287351322,0.9456833993517841,-0.5348233690070359,2
0.0,1.3901034277782067,1.1470749552380775,-0.0013240353563683273,0.33229065200686064,1.6677700541868428,4.104113789845501,1.869776187709637,0.9843604610311101,-0.8545776912036905,0.9170235423315033,0.31806005200187926,0.6160163794287802,0.8793701868188611,3.163743449128874,0.9456833993517841,1.869776187709637,2
0.0,-0.897357832340975,-0.016299466504270888,-0.0013240353563683273,0.33229065200686064,-0.599603043290984,-0.24365796154926908,-0.5348233690070359,0.9843604610311101,1.1701686228100328,0.9170235423315033,0.31806005200187926,-0.40948027553866423,-1.1371775106653543,0.6599353972195364,-0.34409021775777515,-0.5348233690070359,2
0.0,-0.897357832340975,-0.016299466504270888,0.7547001531299076,0.33229065200686064,-0.599603043290984,-0.24365796154926908,-0.5348233690070359,0.9843604610311101,1.1701686228100328,-0.6321493649800012,0.31806005200187926,-0.40948027553866423,0.8793701868188611,0.6599353972195364,0.08583432127874459,-0.5348233690070359,1
0.0,-0.897357832340975,-0.016299466504270888,-0.7573482238426442,0.33229065200686064,-0.599603043290984,-0.24365796154926908,-0.5348233690070359,-1.0158880202812166,-0.8545776912036905,0.9170235423315033,0.31806005200187926,0.6160163794287802,0.8793701868188611,-1.8438726546898008,-0.7740147567942949,-0.5348233690070359,0
0.0,0.2463727977186159,-0.016299466504270888,-0.0013240353563683273,0.33229065200686064,1.6677700541868428,-0.24365796154926908,-0.5348233690070359,-1.0158880202812166,-0.8545776912036905,-2.1813222722915055,0.31806005200187926,-0.40948027553866423,0.8793701868188611,-0.5919686287351322,0.08583432127874459,-0.5348233690070359,2
0.0,1.3901034277782067,-0.016299466504270888,-0.0013240353563683273,0.33229065200686064,1.6677700541868428,-0.24365796154926908,-0.5348233690070359,-1.0158880202812166,-0.8545776912036905,0.9170235423315033,0.31806005200187926,-0.40948027553866423,0.8793701868188611,-0.5919686287351322,0.5157588603152643,-0.5348233690070359,2
0.0,0.2463727977186159,1.1470749552380775,-0.0013240353563683273,0.33229065200686064,-0.599603043290984,-0.24365796154926908,-0.5348233690070359,-1.0158880202812166,1.1701686228100328,-2.1813222722915055,0.31806005200187926,-0.40948027553866423,-1.1371775106653543,-0.5919686287351322,0.5157588603152643,-0.5348233690070359,0
0.0,-2.041088462400566,-1.1796738882466193,-0.0013240353563683273,-3.086411371343006,-0.599603043290984,-0.24365796154926908,-0.5348233690070359,-1.0158880202812166,1.1701686228100328,0.9170235423315033,0.31806005200187926,-0.40948027553866423,0.8793701868188611,-0.5919686287351322,-1.2039392958308146,-0.5348233690070359,2
0.0,-0.897357832340975,-0.016299466504270888,-0.7573482238426442,-3.086411371343006,-0.599603043290984,-0.24365796154926908,-0.5348233690070359,0.9843604610311101,-0.8545776912036905,-0.6321493649800012,0.31806005200187926,-0.40948027553866423,0.8793701868188611,-0.5919686287351322,-0.7740147567942949,-0.5348233690070359,0
0.0,0.2463727977186159,-0.016299466504270888,-0.7573482238426442,0.33229065200686064,-0.599603043290984,-0.24365796154926908,-0.5348233690070359,-1.0158880202812166,1.1701686228100328,-0.6321493649800012,0.31806005200187926,-0.40948027553866423,0.8793701868188611,-0.5919686287351322,-0.34409021775777515,-0.5348233690070359,1
0.0,-2.041088462400566,-0.016299466504270888,0.7547001531299076,0.33229065200686064,1.6677700541868428,-0.24365796154926908,-0.5348233690070359,0.9843604610311101,-0.8545776912036905,0.9170235423315033,0.31806005200187926,-0.40948027553866423,0.8793701868188611,0.6599353972195364,-0.34409021775777515,-0.5348233690070359,1
0.0,-0.897357832340975,-0.016299466504270888,-1.51337241232892,0.33229065200686064,-0.599603043290984,-0.24365796154926908,-0.5348233690070359,-1.0158880202812166,1.1701686228100328,-2.1813222722915055,0.31806005200187926,-0.40948027553866423,0.8793701868188611,-0.5919686287351322,-1.2039392958308146,-0.5348233690070359,1
0.0,-0.897357832340975,-0.016299466504270888,-0.7573482238426442,0.33229065200686064,-0.599603043290984,-0.24365796154926908,-0.5348233690070359,-1.0158880202812166,1.1701686228100328,0.9170235423315033,0.31806005200187926,-0.40948027553866423,-1.1371775106653543,-0.5919686287351322,-0.7740147567942949,-0.5348233690070359,1
0.0,-0.897357832340975,-0.016299466504270888,-0.0013240353563683273,0.33229065200686064,-0.599603043290984,-0.24365796154926908,-0.5348233690070359,-1.0158880202812166,1.1701686228100328,-0.6321493649800012,0.31806005200187926,-0.40948027553866423,0.8793701868188611,-0.5919686287351322,-0.34409021775777515,-0.5348233690070359,1
0.0,-0.897357832340975,-0.016299466504270888,-0.0013240353563683273,0.33229065200686064,-0.599603043290984,-0.24365796154926908,-0.5348233690070359,-1.0158880202812166,1.1701686228100328,-0.6321493649800012,-1.7225274726393904,-0.40948027553866423,-1.1371775106653543,-0.5919686287351322,-0.34409021775777515,-0.5348233690070359,1
0.0,0.2463727977186159,1.1470749552380775,2.2667485301024595,0.33229065200686064,-0.599603043290984,-0.24365796154926908,-0.5348233690070359,-1.0158880202812166,1.1701686228100328,0.9170235423315033,0.31806005200187926,-0.40948027553866423,0.8793701868188611,-0.5919686287351322,1.8055324774248236,-0.5348233690070359,0
0.0,0.2463727977186159,-1.1796738882466193,-0.0013240353563683273,0.33229065200686064,-0.599603043290984,-0.24365796154926908,-0.5348233690070359,-1.0158880202812166,1.1701686228100328,0.9170235423315033,0.31806005200187926,-0.40948027553866423,-1.1371775106653543,-0.5919686287351322,-0.34409021775777515,-0.5348233690070359,1
0.0,-0.897357832340975,-0.016299466504270888,-0.7573482238426442,0.33229065200686064,-0.599603043290984,-0.24365796154926908,1.869776187709637,-1.0158880202812166,-0.8545776912036905,-0.6321493649800012,0.31806005200187926,-0.40948027553866423,-1.1371775106653543,-0.5919686287351322,-0.7740147567942949,1.869776187709637,1
0.0,-0.897357832340975,-1.1796738882466193,-0.7573482238426442,0.33229065200686064,-0.599603043290984,-0.24365796154926908,-0.5348233690070359,-1.0158880202812166,1.1701686228100328,0.9170235423315033,0.31806005200187926,-0.40948027553866423,-1.1371775106653543,-0.5919686287351322,-1.2039392958308146,-0.5348233690070359,1
0.0,0.2463727977186159,-0.016299466504270888,-0.0013240353563683273,0.33229065200686064,1.6677700541868428,-0.24365796154926908,-0.5348233690070359,-1.0158880202812166,-0.8545776912036905,-0.6321493649800012,0.31806005200187926,-0.40948027553866423,-1.1371775106653543,-0.5919686287351322,0.08583432127874459,-0.5348233690070359,2
0.0,0.2463727977186159,-0.016299466504270888,-0.0013240353563683273,0.33229065200686064,-0.599603043290984,-0.24365796154926908,-0.5348233690070359,-1.0158880202812166,1.1701686228100328,0.9170235423315033,0.31806005200187926,-0.40948027553866423,-1.1371775106653543,-0.5919686287351322,0.08583432127874459,-0.5348233690070359,1
0.0,0.2463727977186159,-0.016299466504270888,2.2667485301024595,0.33229065200686064,1.6677700541868428,-0.24365796154926908,-0.5348233690070359,-1.0158880202812166,-0.8545776912036905,0.9170235423315033,0.31806005200187926,-0.40948027553866423,-1.1371775106653543,-0.5919686287351322,1.375607938388304,-0.5348233690070359,1
0.0,0.2463727977186159,-1.1796738882466193,-0.0013240353563683273,0.33229065200686064,-0.599603043290984,-0.24365796154926908,1.869776187709637,0.9843604610311101,-0.8545776912036905,-0.6321493649800012,0.31806005200187926,-0.40948027553866423,0.8793701868188611,0.6599353972195364,-0.34409021775777515,1.869776187709637,0
0.0,0.2463727977186159,-0.016299466504270888,1.5107243416161835,0.33229065200686064,-0.599603043290984,-0.24365796154926908,-0.5348233690070359,-1.0158880202812166,1.1701686228100328,0.9170235423315033,0.31806005200187926,-0.40948027553866423,-1.1371775106653543,-0.5919686287351322,0.9456833993517841,-0.5348233690070359,0
0.0,0.2463727977186159,1.1470749552380775,2.2667485301024595,0.33229065200686064,-0.599603043290984,-0.24365796154926908,-0.5348233690070359,-1.0158880202812166,1.1701686228100328,0.9170235423315033,0.31806005200187926,-0.40948027553866423,0.8793701868188611,-0.5919686287351322,1.8055324774248236,-0.5348233690070359,1
0.0,0.2463727977186159,-1.1796738882466193,-0.7573482238426442,0.33229065200686064,1.6677700541868428,-0.24365796154926908,1.869776187709637,0.9843604610311101,-0.8545776912036905,-0.6321493649800012,0.31806005200187926,-0.40948027553866423,0.8793701868188611,1.911839423174205,-0.7740147567942949,1.869776187709637,0
0.0,0.2463727977186159,-1.1796738882466193,-0.0013240353563683273,0.33229065200686064,1.6677700541868428,-0.24365796154926908,1.869776187709637,0.9843604610311101,1.1701686228100328,0.9170235423315033,0.31806005200187926,-0.40948027553866423,0.8793701868188611,3.163743449128874,-0.34409021775777515,1.869776187709637,2
0.0,-0.897357832340975,-0.016299466504270888,-0.0013240353563683273,0.33229065200686064,-0.599603043290984,-0.24365796154926908,-0.5348233690070359,0.9843604610311101,-0.8545776912036905,0.9170235423315033,0.31806005200187926,-0.40948027553866423,0.8793701868188611,-0.5919686287351322,-0.34409021775777515,-0.5348233690070359,2
0.0,1.3901034277782067,1.1470749552380775,2.2667485301024595,0.33229065200686064,-0.599603043290984,-0.24365796154926908,1.869776187709637,-1.0158880202812166,-0.8545776912036905,0.9170235423315033,0.31806005200187926,-0.40948027553866423,-1.1371775106653543,-0.5919686287351322,2.235457016461343,1.869776187709637,2
0.0,0.2463727977186159,1.1470749552380775,0.7547001531299076,0.33229065200686064,-0.599603043290984,-0.24365796154926908,-0.5348233690070359,-1.0158880202812166,1.1701686228100328,0.9170235423315033,0.31806005200187926,-0.40948027553866423,-1.1371775106653543,-0.5919686287351322,0.9456833993517841,-0.5348233690070359,0
0.0,0.2463727977186159,-1.1796738882466193,-0.0013240353563683273,0.33229065200686064,-0.599603043290984,-0.24365796154926908,-0.5348233690070359,0.9843604610311101,-0.8545776912036905,-0.6321493649800012,0.31806005200187926,2.6670096893636686,-1.1371775106653543,-0.5919686287351322,-0.34409021775777515,-0.5348233690070359,0
0.0,-0.897357832340975,-0.016299466504270888,-0.7573482238426442,0.33229065200686064,-0.599603043290984,-0.24365796154926908,-0.5348233690070359,0.9843604610311101,1.1701686228100328,-0.6321493649800012,0.31806005200187926,-0.40948027553866423,-1.1371775106653543,0.6599353972195364,-0.7740147567942949,-0.5348233690070359,2
0.0,1.3901034277782067,2.3104493769804257,2.2667485301024595,-1.3770603596680728,1.6677700541868428,-0.24365796154926908,-0.5348233690070359,-1.0158880202812166,-0.8545776912036905,0.9170235423315033,0.31806005200187926,-0.40948027553866423,0.8793701868188611,-0.5919686287351322,2.6653815554978633,-0.5348233690070359,0
0.0,-0.897357832340975,-0.016299466504270888,-0.7573482238426442,0.33229065200686064,-0.599603043290984,-0.24365796154926908,-0.5348233690070359,-1.0158880202812166,1.1701686228100328,0.9170235423315033,0.31806005200187926,-0.40948027553866423,0.8793701868188611,-0.5919686287351322,-0.7740147567942949,-0.5348233690070359,0
0.0,0.2463727977186159,1.1470749552380775,-0.0013240353563683273,0.33229065200686064,1.6677700541868428,-0.24365796154926908,1.869776187709637,0.9843604610311101,-0.8545776912036905,-0.6321493649800012,-1.7225274726393904,-0.40948027553866423,0.8793701868188611,1.911839423174205,0.5157588603152643,1.869776187709637,1
0.0,0.2463727977186159,1.1470749552380775,0.7547001531299076,0.33229065200686064,1.6677700541868428,-0.24365796154926908,1.869776187709637,-1.0158880202812166,-0.8545776912036905,-0.6321493649800012,0.31806005200187926,-0.40948027553866423,0.8793701868188611,0.6599353972195364,0.9456833993517841,1.869776187709637,0
0.0,1.3901034277782067,1.1470749552380775,1.5107243416161835,0.33229065200686064,-0.599603043290984,4.104113789845501,-0.5348233690070359,0.9843604610311101,-0.8545776912036905,-2.1813222722915055,0.31806005200187926,-0.40948027553866423,0.8793701868188611,0.6599353972195364,1.8055324774248236,-0.5348233690070359,2
0.0,0.2463727977186159,1.1470749552380775,-0.0013240353563683273,0.33229065200686064,-0.599603043290984,-0.24365796154926908,-0.5348233690070359,-1.0158880202812166,1.1701686228100328,0.9170235423315033,0.31806005200187926,-0.40948027553866423,0.8793701868188611,-0.5919686287351322,0.5157588603152643,-0.5348233690070359,0
0.0,1.3901034277782067,-1.1796738882466193,2.2667485301024595,0.33229065200686064,-0.599603043290984,4.104113789845501,-0.5348233690070359,0.9843604610311101,-0.8545776912036905,-0.6321493649800012,0.31806005200187926,-0.40948027553866423,0.8793701868188611,0.6599353972195364,1.375607938388304,-0.5348233690070359,2
0.0,-2.041088462400566,1.1470749552380775,-0.7573482238426442,0.33229065200686064,-0.599603043290984,4.104113789845501,1.869776187709637,0.9843604610311101,-0.8545776912036905,-0.6321493649800012,0.31806005200187926,-0.40948027553866423,0.8793701868188611,1.911839423174205,-0.7740147567942949,1.869776187709637,2
0.0,1.3901034277782067,1.1470749552380775,-0.0013240353563683273,0.33229065200686064,-0.599603043290984,-0.24365796154926908,1.869776187709637,0.9843604610311101,1.1701686228100328,0.9170235423315033,0.31806005200187926,-0.40948027553866423,-1.1371775106653543,1.911839423174205,0.9456833993517841,1.869776187709637,2
0.0,-0.897357832340975,-0.016299466504270888,-1.51337241232892,0.33229065200686064,-0.599603043290984,-0.24365796154926908,-0.5348233690070359,0.9843604610311101,1.1701686228100328,0.9170235423315033,0.31806005200187926,-0.40948027553866423,-1.1371775106653543,0.6599353972195364,-1.2039392958308146,-0.5348233690070359,2
0.0,-0.897357832340975,-1.1796738882466193,-0.7573482238426442,-3.086411371343006,-0.599603043290984,-0.24365796154926908,-0.5348233690070359,0.9843604610311101,1.1701686228100328,0.9170235423315033,0.31806005200187926,-0.40948027553866423,-1.1371775106653543,0.6599353972195364,-1.2039392958308146,-0.5348233690070359,1
0.0,0.2463727977186159,1.1470749552380775,0.7547001531299076,0.33229065200686064,-0.599603043290984,-0.24365796154926908,1.869776187709637,0.9843604610311101,-0.8545776912036905,-0.6321493649800012,0.31806005200187926,-0.40948027553866423,0.8793701868188611,0.6599353972195364,0.9456833993517841,1.869776187709637,2
0.0,0.2463727977186159,-0.016299466504270888,0.7547001531299076,0.33229065200686064,-0.599603043290984,-0.24365796154926908,-0.5348233690070359,0.9843604610311101,1.1701686228100328,-0.6321493649800012,0.31806005200187926,-0.40948027553866423,0.8793701868188611,0.6599353972195364,0.5157588603152643,-0.5348233690070359,0
0.0,-0.897357832340975,-0.016299466504270888,-0.7573482238426442,-3.086411371343006,-0.599603043290984,-0.24365796154926908,-0.5348233690070359,0.9843604610311101,1.1701686228100328,0.9170235423315033,0.31806005200187926,1.6415130343962245,-1.1371775106653543,0.6599353972195364,-0.7740147567942949,-0.5348233690070359,0
0.0,0.2463727977186159,-1.1796738882466193,-0.0013240353563683273,0.33229065200686064,1.6677700541868428,-0.24365796154926908,-0.5348233690070359,0.9843604610311101,-0.8545776912036905,-0.6321493649800012,0.31806005200187926,-0.40948027553866423,0.8793701868188611,0.6599353972195364,-0.34409021775777515,-0.5348233690070359,2
0.0,1.3901034277782067,2.3104493769804257,0.7547001531299076,0.33229065200686064,1.6677700541868428,-0.24365796154926908,1.869776187709637,0.9843604610311101,1.1701686228100328,-0.6321493649800012,0.31806005200187926,-0.40948027553866423,-1.1371775106653543,3.163743449128874,1.8055324774248236,1.869776187709637,1
0.0,1.3901034277782067,1.1470749552380775,1.5107243416161835,0.33229065200686064,-0.599603043290984,-0.24365796154926908,1.869776187709637,0.9843604610311101,-0.8545776912036905,0.9170235423315033,0.31806005200187926,-0.40948027553866423,-1.1371775106653543,0.6599353972195364,1.8055324774248236,1.869776187709637,0
0.0,-0.897357832340975,-1.1796738882466193,-0.7573482238426442,0.33229065200686064,-0.599603043290984,-0.24365796154926908,-0.5348233690070359,0.9843604610311101,-0.8545776912036905,0.9170235423315033,0.31806005200187926,-0.40948027553866423,-1.1371775106653543,-0.5919686287351322,-1.2039392958308146,-0.5348233690070359,1
0.0,-0.897357832340975,-1.1796738882466193,-0.0013240353563683273,0.33229065200686064,-0.599603043290984,-0.24365796154926908,-0.5348233690070359,0.9843604610311101,-0.8545776912036905,0.9170235423315033,0.31806005200187926,0.6160163794287802,-1.1371775106653543,-0.5919686287351322,-0.7740147567942949,-0.5348233690070359,1
0.0,-0.897357832340975,-1.1796738882466193,-0.0013240353563683273,0.33229065200686064,-0.599603043290984,-0.24365796154926908,-0.5348233690070359,-1.0158880202812166,1.1701686228100328,-0.6321493649800012,0.31806005200187926,1.6415130343962245,0.8793701868188611,-0.5919686287351322,-0.7740147567942949,-0.5348233690070359,1
0.0,0.2463727977186159,-0.016299466504270888,-0.7573482238426442,0.33229065200686064,-0.599603043290984,-0.24365796154926908,-0.5348233690070359,-1.0158880202812166,-0.8545776912036905,0.9170235423315033,0.31806005200187926,-0.40948027553866423,0.8793701868188611,-1.8438726546898008,-0.34409021775777515,-0.5348233690070359,1
0.0,0.2463727977186159,-1.1796738882466193,-0.7573482238426442,-3.086411371343006,-0.599603043290984,-0.24365796154926908,1.869776187709637,0.9843604610311101,-0.8545776912036905,0.9170235423315033,0.31806005200187926,2.6670096893636686,0.8793701868188611,0.6599353972195364,-0.7740147567942949,1.869776187709637,1
0.0,-0.897357832340975,-1.1796738882466193,0.7547001531299076,0.33229065200686064,-0.599603043290984,-0.24365796154926908,-0.5348233690070359,0.9843604610311101,-0.8545776912036905,0.9170235423315033,0.31806005200187926,-0.40948027553866423,0.8793701868188611,-0.5919686287351322,-0.34409021775777515,-0.5348233690070359,0
0.0,-0.897357832340975,-0.016299466504270888,-0.0013240353563683273,0.33229065200686064,-0.599603043290984,4.104113789845501,-0.5348233690070359,-1.0158880202812166,-0.8545776912036905,0.9170235423315033,0.31806005200187926,-0.40948027553866423,-1.1371775106653543,-0.5919686287351322,-0.34409021775777515,-0.5348233690070359,1
0.0,-0.897357832340975,-1.1796738882466193,-0.0013240353563683273,0.33229065200686064,-0.599603043290984,-0.24365796154926908,-0.5348233690070359,-1.0158880202812166,1.1701686228100328,-0.6321493649800012,0.31806005200187926,2.6670096893636686,0.8793701868188611,-0.5919686287351322,-0.7740147567942949,-0.5348233690070359,1
0.0,-2.041088462400566,-1.1796738882466193,-0.7573482238426442,-3.086411371343006,-0.599603043290984,-0.24365796154926908,-0.5348233690070359,0.9843604610311101,-0.8545776912036905,0.9170235423315033,0.31806005200187926,-0.40948027553866423,-1.1371775106653543,-0.5919686287351322,-1.6338638348673344,-0.5348233690070359,0
0.0,-0.897357832340975,-0.016299466504270888,-0.0013240353563683273,0.33229065200686064,-0.599603043290984,-0.24365796154926908,-0.5348233690070359,0.9843604610311101,-0.8545776912036905,0.9170235423315033,0.31806005200187926,-0.40948027553866423,0.8793701868188611,-0.5919686287351322,-0.34409021775777515,-0.5348233690070359,1
